--
-- PostgreSQL database dump
--

-- Dumped from database version 12.12 (Debian 12.12-1.pgdg110+1)
-- Dumped by pg_dump version 14.7 (Homebrew)

SET statement_timeout = 0;
SET lock_timeout = 0;
SET idle_in_transaction_session_timeout = 0;
SET client_encoding = 'UTF8';
SET standard_conforming_strings = on;
SELECT pg_catalog.set_config('search_path', '', false);
SET check_function_bodies = false;
SET xmloption = content;
SET client_min_messages = warning;
SET row_security = off;

SET default_tablespace = '';

SET default_table_access_method = heap;

--
-- Name: admin_event_entity; Type: TABLE; Schema: public; Owner: keycloak
--

CREATE TABLE public.admin_event_entity (
    id character varying(36) NOT NULL,
    admin_event_time bigint,
    realm_id character varying(255),
    operation_type character varying(255),
    auth_realm_id character varying(255),
    auth_client_id character varying(255),
    auth_user_id character varying(255),
    ip_address character varying(255),
    resource_path character varying(2550),
    representation text,
    error character varying(255),
    resource_type character varying(64)
);


ALTER TABLE public.admin_event_entity OWNER TO keycloak;

--
-- Name: associated_policy; Type: TABLE; Schema: public; Owner: keycloak
--

CREATE TABLE public.associated_policy (
    policy_id character varying(36) NOT NULL,
    associated_policy_id character varying(36) NOT NULL
);


ALTER TABLE public.associated_policy OWNER TO keycloak;

--
-- Name: authentication_execution; Type: TABLE; Schema: public; Owner: keycloak
--

CREATE TABLE public.authentication_execution (
    id character varying(36) NOT NULL,
    alias character varying(255),
    authenticator character varying(36),
    realm_id character varying(36),
    flow_id character varying(36),
    requirement integer,
    priority integer,
    authenticator_flow boolean DEFAULT false NOT NULL,
    auth_flow_id character varying(36),
    auth_config character varying(36)
);


ALTER TABLE public.authentication_execution OWNER TO keycloak;

--
-- Name: authentication_flow; Type: TABLE; Schema: public; Owner: keycloak
--

CREATE TABLE public.authentication_flow (
    id character varying(36) NOT NULL,
    alias character varying(255),
    description character varying(255),
    realm_id character varying(36),
    provider_id character varying(36) DEFAULT 'basic-flow'::character varying NOT NULL,
    top_level boolean DEFAULT false NOT NULL,
    built_in boolean DEFAULT false NOT NULL
);


ALTER TABLE public.authentication_flow OWNER TO keycloak;

--
-- Name: authenticator_config; Type: TABLE; Schema: public; Owner: keycloak
--

CREATE TABLE public.authenticator_config (
    id character varying(36) NOT NULL,
    alias character varying(255),
    realm_id character varying(36)
);


ALTER TABLE public.authenticator_config OWNER TO keycloak;

--
-- Name: authenticator_config_entry; Type: TABLE; Schema: public; Owner: keycloak
--

CREATE TABLE public.authenticator_config_entry (
    authenticator_id character varying(36) NOT NULL,
    value text,
    name character varying(255) NOT NULL
);


ALTER TABLE public.authenticator_config_entry OWNER TO keycloak;

--
-- Name: broker_link; Type: TABLE; Schema: public; Owner: keycloak
--

CREATE TABLE public.broker_link (
    identity_provider character varying(255) NOT NULL,
    storage_provider_id character varying(255),
    realm_id character varying(36) NOT NULL,
    broker_user_id character varying(255),
    broker_username character varying(255),
    token text,
    user_id character varying(255) NOT NULL
);


ALTER TABLE public.broker_link OWNER TO keycloak;

--
-- Name: client; Type: TABLE; Schema: public; Owner: keycloak
--

CREATE TABLE public.client (
    id character varying(36) NOT NULL,
    enabled boolean DEFAULT false NOT NULL,
    full_scope_allowed boolean DEFAULT false NOT NULL,
    client_id character varying(255),
    not_before integer,
    public_client boolean DEFAULT false NOT NULL,
    secret character varying(255),
    base_url character varying(255),
    bearer_only boolean DEFAULT false NOT NULL,
    management_url character varying(255),
    surrogate_auth_required boolean DEFAULT false NOT NULL,
    realm_id character varying(36),
    protocol character varying(255),
    node_rereg_timeout integer DEFAULT 0,
    frontchannel_logout boolean DEFAULT false NOT NULL,
    consent_required boolean DEFAULT false NOT NULL,
    name character varying(255),
    service_accounts_enabled boolean DEFAULT false NOT NULL,
    client_authenticator_type character varying(255),
    root_url character varying(255),
    description character varying(255),
    registration_token character varying(255),
    standard_flow_enabled boolean DEFAULT true NOT NULL,
    implicit_flow_enabled boolean DEFAULT false NOT NULL,
    direct_access_grants_enabled boolean DEFAULT false NOT NULL,
    always_display_in_console boolean DEFAULT false NOT NULL
);


ALTER TABLE public.client OWNER TO keycloak;

--
-- Name: client_attributes; Type: TABLE; Schema: public; Owner: keycloak
--

CREATE TABLE public.client_attributes (
    client_id character varying(36) NOT NULL,
    name character varying(255) NOT NULL,
    value text
);


ALTER TABLE public.client_attributes OWNER TO keycloak;

--
-- Name: client_auth_flow_bindings; Type: TABLE; Schema: public; Owner: keycloak
--

CREATE TABLE public.client_auth_flow_bindings (
    client_id character varying(36) NOT NULL,
    flow_id character varying(36),
    binding_name character varying(255) NOT NULL
);


ALTER TABLE public.client_auth_flow_bindings OWNER TO keycloak;

--
-- Name: client_initial_access; Type: TABLE; Schema: public; Owner: keycloak
--

CREATE TABLE public.client_initial_access (
    id character varying(36) NOT NULL,
    realm_id character varying(36) NOT NULL,
    "timestamp" integer,
    expiration integer,
    count integer,
    remaining_count integer
);


ALTER TABLE public.client_initial_access OWNER TO keycloak;

--
-- Name: client_node_registrations; Type: TABLE; Schema: public; Owner: keycloak
--

CREATE TABLE public.client_node_registrations (
    client_id character varying(36) NOT NULL,
    value integer,
    name character varying(255) NOT NULL
);


ALTER TABLE public.client_node_registrations OWNER TO keycloak;

--
-- Name: client_scope; Type: TABLE; Schema: public; Owner: keycloak
--

CREATE TABLE public.client_scope (
    id character varying(36) NOT NULL,
    name character varying(255),
    realm_id character varying(36),
    description character varying(255),
    protocol character varying(255)
);


ALTER TABLE public.client_scope OWNER TO keycloak;

--
-- Name: client_scope_attributes; Type: TABLE; Schema: public; Owner: keycloak
--

CREATE TABLE public.client_scope_attributes (
    scope_id character varying(36) NOT NULL,
    value character varying(2048),
    name character varying(255) NOT NULL
);


ALTER TABLE public.client_scope_attributes OWNER TO keycloak;

--
-- Name: client_scope_client; Type: TABLE; Schema: public; Owner: keycloak
--

CREATE TABLE public.client_scope_client (
    client_id character varying(255) NOT NULL,
    scope_id character varying(255) NOT NULL,
    default_scope boolean DEFAULT false NOT NULL
);


ALTER TABLE public.client_scope_client OWNER TO keycloak;

--
-- Name: client_scope_role_mapping; Type: TABLE; Schema: public; Owner: keycloak
--

CREATE TABLE public.client_scope_role_mapping (
    scope_id character varying(36) NOT NULL,
    role_id character varying(36) NOT NULL
);


ALTER TABLE public.client_scope_role_mapping OWNER TO keycloak;

--
-- Name: client_session; Type: TABLE; Schema: public; Owner: keycloak
--

CREATE TABLE public.client_session (
    id character varying(36) NOT NULL,
    client_id character varying(36),
    redirect_uri character varying(255),
    state character varying(255),
    "timestamp" integer,
    session_id character varying(36),
    auth_method character varying(255),
    realm_id character varying(255),
    auth_user_id character varying(36),
    current_action character varying(36)
);


ALTER TABLE public.client_session OWNER TO keycloak;

--
-- Name: client_session_auth_status; Type: TABLE; Schema: public; Owner: keycloak
--

CREATE TABLE public.client_session_auth_status (
    authenticator character varying(36) NOT NULL,
    status integer,
    client_session character varying(36) NOT NULL
);


ALTER TABLE public.client_session_auth_status OWNER TO keycloak;

--
-- Name: client_session_note; Type: TABLE; Schema: public; Owner: keycloak
--

CREATE TABLE public.client_session_note (
    name character varying(255) NOT NULL,
    value character varying(255),
    client_session character varying(36) NOT NULL
);


ALTER TABLE public.client_session_note OWNER TO keycloak;

--
-- Name: client_session_prot_mapper; Type: TABLE; Schema: public; Owner: keycloak
--

CREATE TABLE public.client_session_prot_mapper (
    protocol_mapper_id character varying(36) NOT NULL,
    client_session character varying(36) NOT NULL
);


ALTER TABLE public.client_session_prot_mapper OWNER TO keycloak;

--
-- Name: client_session_role; Type: TABLE; Schema: public; Owner: keycloak
--

CREATE TABLE public.client_session_role (
    role_id character varying(255) NOT NULL,
    client_session character varying(36) NOT NULL
);


ALTER TABLE public.client_session_role OWNER TO keycloak;

--
-- Name: client_user_session_note; Type: TABLE; Schema: public; Owner: keycloak
--

CREATE TABLE public.client_user_session_note (
    name character varying(255) NOT NULL,
    value character varying(2048),
    client_session character varying(36) NOT NULL
);


ALTER TABLE public.client_user_session_note OWNER TO keycloak;

--
-- Name: component; Type: TABLE; Schema: public; Owner: keycloak
--

CREATE TABLE public.component (
    id character varying(36) NOT NULL,
    name character varying(255),
    parent_id character varying(36),
    provider_id character varying(36),
    provider_type character varying(255),
    realm_id character varying(36),
    sub_type character varying(255)
);


ALTER TABLE public.component OWNER TO keycloak;

--
-- Name: component_config; Type: TABLE; Schema: public; Owner: keycloak
--

CREATE TABLE public.component_config (
    id character varying(36) NOT NULL,
    component_id character varying(36) NOT NULL,
    name character varying(255) NOT NULL,
    value character varying(4000)
);


ALTER TABLE public.component_config OWNER TO keycloak;

--
-- Name: composite_role; Type: TABLE; Schema: public; Owner: keycloak
--

CREATE TABLE public.composite_role (
    composite character varying(36) NOT NULL,
    child_role character varying(36) NOT NULL
);


ALTER TABLE public.composite_role OWNER TO keycloak;

--
-- Name: credential; Type: TABLE; Schema: public; Owner: keycloak
--

CREATE TABLE public.credential (
    id character varying(36) NOT NULL,
    salt bytea,
    type character varying(255),
    user_id character varying(36),
    created_date bigint,
    user_label character varying(255),
    secret_data text,
    credential_data text,
    priority integer
);


ALTER TABLE public.credential OWNER TO keycloak;

--
-- Name: databasechangelog; Type: TABLE; Schema: public; Owner: keycloak
--

CREATE TABLE public.databasechangelog (
    id character varying(255) NOT NULL,
    author character varying(255) NOT NULL,
    filename character varying(255) NOT NULL,
    dateexecuted timestamp without time zone NOT NULL,
    orderexecuted integer NOT NULL,
    exectype character varying(10) NOT NULL,
    md5sum character varying(35),
    description character varying(255),
    comments character varying(255),
    tag character varying(255),
    liquibase character varying(20),
    contexts character varying(255),
    labels character varying(255),
    deployment_id character varying(10)
);


ALTER TABLE public.databasechangelog OWNER TO keycloak;

--
-- Name: databasechangeloglock; Type: TABLE; Schema: public; Owner: keycloak
--

CREATE TABLE public.databasechangeloglock (
    id integer NOT NULL,
    locked boolean NOT NULL,
    lockgranted timestamp without time zone,
    lockedby character varying(255)
);


ALTER TABLE public.databasechangeloglock OWNER TO keycloak;

--
-- Name: default_client_scope; Type: TABLE; Schema: public; Owner: keycloak
--

CREATE TABLE public.default_client_scope (
    realm_id character varying(36) NOT NULL,
    scope_id character varying(36) NOT NULL,
    default_scope boolean DEFAULT false NOT NULL
);


ALTER TABLE public.default_client_scope OWNER TO keycloak;

--
-- Name: event_entity; Type: TABLE; Schema: public; Owner: keycloak
--

CREATE TABLE public.event_entity (
    id character varying(36) NOT NULL,
    client_id character varying(255),
    details_json character varying(2550),
    error character varying(255),
    ip_address character varying(255),
    realm_id character varying(255),
    session_id character varying(255),
    event_time bigint,
    type character varying(255),
    user_id character varying(255)
);


ALTER TABLE public.event_entity OWNER TO keycloak;

--
-- Name: fed_user_attribute; Type: TABLE; Schema: public; Owner: keycloak
--

CREATE TABLE public.fed_user_attribute (
    id character varying(36) NOT NULL,
    name character varying(255) NOT NULL,
    user_id character varying(255) NOT NULL,
    realm_id character varying(36) NOT NULL,
    storage_provider_id character varying(36),
    value character varying(2024)
);


ALTER TABLE public.fed_user_attribute OWNER TO keycloak;

--
-- Name: fed_user_consent; Type: TABLE; Schema: public; Owner: keycloak
--

CREATE TABLE public.fed_user_consent (
    id character varying(36) NOT NULL,
    client_id character varying(255),
    user_id character varying(255) NOT NULL,
    realm_id character varying(36) NOT NULL,
    storage_provider_id character varying(36),
    created_date bigint,
    last_updated_date bigint,
    client_storage_provider character varying(36),
    external_client_id character varying(255)
);


ALTER TABLE public.fed_user_consent OWNER TO keycloak;

--
-- Name: fed_user_consent_cl_scope; Type: TABLE; Schema: public; Owner: keycloak
--

CREATE TABLE public.fed_user_consent_cl_scope (
    user_consent_id character varying(36) NOT NULL,
    scope_id character varying(36) NOT NULL
);


ALTER TABLE public.fed_user_consent_cl_scope OWNER TO keycloak;

--
-- Name: fed_user_credential; Type: TABLE; Schema: public; Owner: keycloak
--

CREATE TABLE public.fed_user_credential (
    id character varying(36) NOT NULL,
    salt bytea,
    type character varying(255),
    created_date bigint,
    user_id character varying(255) NOT NULL,
    realm_id character varying(36) NOT NULL,
    storage_provider_id character varying(36),
    user_label character varying(255),
    secret_data text,
    credential_data text,
    priority integer
);


ALTER TABLE public.fed_user_credential OWNER TO keycloak;

--
-- Name: fed_user_group_membership; Type: TABLE; Schema: public; Owner: keycloak
--

CREATE TABLE public.fed_user_group_membership (
    group_id character varying(36) NOT NULL,
    user_id character varying(255) NOT NULL,
    realm_id character varying(36) NOT NULL,
    storage_provider_id character varying(36)
);


ALTER TABLE public.fed_user_group_membership OWNER TO keycloak;

--
-- Name: fed_user_required_action; Type: TABLE; Schema: public; Owner: keycloak
--

CREATE TABLE public.fed_user_required_action (
    required_action character varying(255) DEFAULT ' '::character varying NOT NULL,
    user_id character varying(255) NOT NULL,
    realm_id character varying(36) NOT NULL,
    storage_provider_id character varying(36)
);


ALTER TABLE public.fed_user_required_action OWNER TO keycloak;

--
-- Name: fed_user_role_mapping; Type: TABLE; Schema: public; Owner: keycloak
--

CREATE TABLE public.fed_user_role_mapping (
    role_id character varying(36) NOT NULL,
    user_id character varying(255) NOT NULL,
    realm_id character varying(36) NOT NULL,
    storage_provider_id character varying(36)
);


ALTER TABLE public.fed_user_role_mapping OWNER TO keycloak;

--
-- Name: federated_identity; Type: TABLE; Schema: public; Owner: keycloak
--

CREATE TABLE public.federated_identity (
    identity_provider character varying(255) NOT NULL,
    realm_id character varying(36),
    federated_user_id character varying(255),
    federated_username character varying(255),
    token text,
    user_id character varying(36) NOT NULL
);


ALTER TABLE public.federated_identity OWNER TO keycloak;

--
-- Name: federated_user; Type: TABLE; Schema: public; Owner: keycloak
--

CREATE TABLE public.federated_user (
    id character varying(255) NOT NULL,
    storage_provider_id character varying(255),
    realm_id character varying(36) NOT NULL
);


ALTER TABLE public.federated_user OWNER TO keycloak;

--
-- Name: group_attribute; Type: TABLE; Schema: public; Owner: keycloak
--

CREATE TABLE public.group_attribute (
    id character varying(36) DEFAULT 'sybase-needs-something-here'::character varying NOT NULL,
    name character varying(255) NOT NULL,
    value character varying(255),
    group_id character varying(36) NOT NULL
);


ALTER TABLE public.group_attribute OWNER TO keycloak;

--
-- Name: group_role_mapping; Type: TABLE; Schema: public; Owner: keycloak
--

CREATE TABLE public.group_role_mapping (
    role_id character varying(36) NOT NULL,
    group_id character varying(36) NOT NULL
);


ALTER TABLE public.group_role_mapping OWNER TO keycloak;

--
-- Name: identity_provider; Type: TABLE; Schema: public; Owner: keycloak
--

CREATE TABLE public.identity_provider (
    internal_id character varying(36) NOT NULL,
    enabled boolean DEFAULT false NOT NULL,
    provider_alias character varying(255),
    provider_id character varying(255),
    store_token boolean DEFAULT false NOT NULL,
    authenticate_by_default boolean DEFAULT false NOT NULL,
    realm_id character varying(36),
    add_token_role boolean DEFAULT true NOT NULL,
    trust_email boolean DEFAULT false NOT NULL,
    first_broker_login_flow_id character varying(36),
    post_broker_login_flow_id character varying(36),
    provider_display_name character varying(255),
    link_only boolean DEFAULT false NOT NULL
);


ALTER TABLE public.identity_provider OWNER TO keycloak;

--
-- Name: identity_provider_config; Type: TABLE; Schema: public; Owner: keycloak
--

CREATE TABLE public.identity_provider_config (
    identity_provider_id character varying(36) NOT NULL,
    value text,
    name character varying(255) NOT NULL
);


ALTER TABLE public.identity_provider_config OWNER TO keycloak;

--
-- Name: identity_provider_mapper; Type: TABLE; Schema: public; Owner: keycloak
--

CREATE TABLE public.identity_provider_mapper (
    id character varying(36) NOT NULL,
    name character varying(255) NOT NULL,
    idp_alias character varying(255) NOT NULL,
    idp_mapper_name character varying(255) NOT NULL,
    realm_id character varying(36) NOT NULL
);


ALTER TABLE public.identity_provider_mapper OWNER TO keycloak;

--
-- Name: idp_mapper_config; Type: TABLE; Schema: public; Owner: keycloak
--

CREATE TABLE public.idp_mapper_config (
    idp_mapper_id character varying(36) NOT NULL,
    value text,
    name character varying(255) NOT NULL
);


ALTER TABLE public.idp_mapper_config OWNER TO keycloak;

--
-- Name: keycloak_group; Type: TABLE; Schema: public; Owner: keycloak
--

CREATE TABLE public.keycloak_group (
    id character varying(36) NOT NULL,
    name character varying(255),
    parent_group character varying(36) NOT NULL,
    realm_id character varying(36)
);


ALTER TABLE public.keycloak_group OWNER TO keycloak;

--
-- Name: keycloak_role; Type: TABLE; Schema: public; Owner: keycloak
--

CREATE TABLE public.keycloak_role (
    id character varying(36) NOT NULL,
    client_realm_constraint character varying(255),
    client_role boolean DEFAULT false NOT NULL,
    description character varying(255),
    name character varying(255),
    realm_id character varying(255),
    client character varying(36),
    realm character varying(36)
);


ALTER TABLE public.keycloak_role OWNER TO keycloak;

--
-- Name: migration_model; Type: TABLE; Schema: public; Owner: keycloak
--

CREATE TABLE public.migration_model (
    id character varying(36) NOT NULL,
    version character varying(36),
    update_time bigint DEFAULT 0 NOT NULL
);


ALTER TABLE public.migration_model OWNER TO keycloak;

--
-- Name: offline_client_session; Type: TABLE; Schema: public; Owner: keycloak
--

CREATE TABLE public.offline_client_session (
    user_session_id character varying(36) NOT NULL,
    client_id character varying(255) NOT NULL,
    offline_flag character varying(4) NOT NULL,
    "timestamp" integer,
    data text,
    client_storage_provider character varying(36) DEFAULT 'local'::character varying NOT NULL,
    external_client_id character varying(255) DEFAULT 'local'::character varying NOT NULL
);


ALTER TABLE public.offline_client_session OWNER TO keycloak;

--
-- Name: offline_user_session; Type: TABLE; Schema: public; Owner: keycloak
--

CREATE TABLE public.offline_user_session (
    user_session_id character varying(36) NOT NULL,
    user_id character varying(255) NOT NULL,
    realm_id character varying(36) NOT NULL,
    created_on integer NOT NULL,
    offline_flag character varying(4) NOT NULL,
    data text,
    last_session_refresh integer DEFAULT 0 NOT NULL
);


ALTER TABLE public.offline_user_session OWNER TO keycloak;

--
-- Name: policy_config; Type: TABLE; Schema: public; Owner: keycloak
--

CREATE TABLE public.policy_config (
    policy_id character varying(36) NOT NULL,
    name character varying(255) NOT NULL,
    value text
);


ALTER TABLE public.policy_config OWNER TO keycloak;

--
-- Name: protocol_mapper; Type: TABLE; Schema: public; Owner: keycloak
--

CREATE TABLE public.protocol_mapper (
    id character varying(36) NOT NULL,
    name character varying(255) NOT NULL,
    protocol character varying(255) NOT NULL,
    protocol_mapper_name character varying(255) NOT NULL,
    client_id character varying(36),
    client_scope_id character varying(36)
);


ALTER TABLE public.protocol_mapper OWNER TO keycloak;

--
-- Name: protocol_mapper_config; Type: TABLE; Schema: public; Owner: keycloak
--

CREATE TABLE public.protocol_mapper_config (
    protocol_mapper_id character varying(36) NOT NULL,
    value text,
    name character varying(255) NOT NULL
);


ALTER TABLE public.protocol_mapper_config OWNER TO keycloak;

--
-- Name: realm; Type: TABLE; Schema: public; Owner: keycloak
--

CREATE TABLE public.realm (
    id character varying(36) NOT NULL,
    access_code_lifespan integer,
    user_action_lifespan integer,
    access_token_lifespan integer,
    account_theme character varying(255),
    admin_theme character varying(255),
    email_theme character varying(255),
    enabled boolean DEFAULT false NOT NULL,
    events_enabled boolean DEFAULT false NOT NULL,
    events_expiration bigint,
    login_theme character varying(255),
    name character varying(255),
    not_before integer,
    password_policy character varying(2550),
    registration_allowed boolean DEFAULT false NOT NULL,
    remember_me boolean DEFAULT false NOT NULL,
    reset_password_allowed boolean DEFAULT false NOT NULL,
    social boolean DEFAULT false NOT NULL,
    ssl_required character varying(255),
    sso_idle_timeout integer,
    sso_max_lifespan integer,
    update_profile_on_soc_login boolean DEFAULT false NOT NULL,
    verify_email boolean DEFAULT false NOT NULL,
    master_admin_client character varying(36),
    login_lifespan integer,
    internationalization_enabled boolean DEFAULT false NOT NULL,
    default_locale character varying(255),
    reg_email_as_username boolean DEFAULT false NOT NULL,
    admin_events_enabled boolean DEFAULT false NOT NULL,
    admin_events_details_enabled boolean DEFAULT false NOT NULL,
    edit_username_allowed boolean DEFAULT false NOT NULL,
    otp_policy_counter integer DEFAULT 0,
    otp_policy_window integer DEFAULT 1,
    otp_policy_period integer DEFAULT 30,
    otp_policy_digits integer DEFAULT 6,
    otp_policy_alg character varying(36) DEFAULT 'HmacSHA1'::character varying,
    otp_policy_type character varying(36) DEFAULT 'totp'::character varying,
    browser_flow character varying(36),
    registration_flow character varying(36),
    direct_grant_flow character varying(36),
    reset_credentials_flow character varying(36),
    client_auth_flow character varying(36),
    offline_session_idle_timeout integer DEFAULT 0,
    revoke_refresh_token boolean DEFAULT false NOT NULL,
    access_token_life_implicit integer DEFAULT 0,
    login_with_email_allowed boolean DEFAULT true NOT NULL,
    duplicate_emails_allowed boolean DEFAULT false NOT NULL,
    docker_auth_flow character varying(36),
    refresh_token_max_reuse integer DEFAULT 0,
    allow_user_managed_access boolean DEFAULT false NOT NULL,
    sso_max_lifespan_remember_me integer DEFAULT 0 NOT NULL,
    sso_idle_timeout_remember_me integer DEFAULT 0 NOT NULL,
    default_role character varying(255)
);


ALTER TABLE public.realm OWNER TO keycloak;

--
-- Name: realm_attribute; Type: TABLE; Schema: public; Owner: keycloak
--

CREATE TABLE public.realm_attribute (
    name character varying(255) NOT NULL,
    realm_id character varying(36) NOT NULL,
    value text
);


ALTER TABLE public.realm_attribute OWNER TO keycloak;

--
-- Name: realm_default_groups; Type: TABLE; Schema: public; Owner: keycloak
--

CREATE TABLE public.realm_default_groups (
    realm_id character varying(36) NOT NULL,
    group_id character varying(36) NOT NULL
);


ALTER TABLE public.realm_default_groups OWNER TO keycloak;

--
-- Name: realm_enabled_event_types; Type: TABLE; Schema: public; Owner: keycloak
--

CREATE TABLE public.realm_enabled_event_types (
    realm_id character varying(36) NOT NULL,
    value character varying(255) NOT NULL
);


ALTER TABLE public.realm_enabled_event_types OWNER TO keycloak;

--
-- Name: realm_events_listeners; Type: TABLE; Schema: public; Owner: keycloak
--

CREATE TABLE public.realm_events_listeners (
    realm_id character varying(36) NOT NULL,
    value character varying(255) NOT NULL
);


ALTER TABLE public.realm_events_listeners OWNER TO keycloak;

--
-- Name: realm_localizations; Type: TABLE; Schema: public; Owner: keycloak
--

CREATE TABLE public.realm_localizations (
    realm_id character varying(255) NOT NULL,
    locale character varying(255) NOT NULL,
    texts text NOT NULL
);


ALTER TABLE public.realm_localizations OWNER TO keycloak;

--
-- Name: realm_required_credential; Type: TABLE; Schema: public; Owner: keycloak
--

CREATE TABLE public.realm_required_credential (
    type character varying(255) NOT NULL,
    form_label character varying(255),
    input boolean DEFAULT false NOT NULL,
    secret boolean DEFAULT false NOT NULL,
    realm_id character varying(36) NOT NULL
);


ALTER TABLE public.realm_required_credential OWNER TO keycloak;

--
-- Name: realm_smtp_config; Type: TABLE; Schema: public; Owner: keycloak
--

CREATE TABLE public.realm_smtp_config (
    realm_id character varying(36) NOT NULL,
    value character varying(255),
    name character varying(255) NOT NULL
);


ALTER TABLE public.realm_smtp_config OWNER TO keycloak;

--
-- Name: realm_supported_locales; Type: TABLE; Schema: public; Owner: keycloak
--

CREATE TABLE public.realm_supported_locales (
    realm_id character varying(36) NOT NULL,
    value character varying(255) NOT NULL
);


ALTER TABLE public.realm_supported_locales OWNER TO keycloak;

--
-- Name: redirect_uris; Type: TABLE; Schema: public; Owner: keycloak
--

CREATE TABLE public.redirect_uris (
    client_id character varying(36) NOT NULL,
    value character varying(255) NOT NULL
);


ALTER TABLE public.redirect_uris OWNER TO keycloak;

--
-- Name: required_action_config; Type: TABLE; Schema: public; Owner: keycloak
--

CREATE TABLE public.required_action_config (
    required_action_id character varying(36) NOT NULL,
    value text,
    name character varying(255) NOT NULL
);


ALTER TABLE public.required_action_config OWNER TO keycloak;

--
-- Name: required_action_provider; Type: TABLE; Schema: public; Owner: keycloak
--

CREATE TABLE public.required_action_provider (
    id character varying(36) NOT NULL,
    alias character varying(255),
    name character varying(255),
    realm_id character varying(36),
    enabled boolean DEFAULT false NOT NULL,
    default_action boolean DEFAULT false NOT NULL,
    provider_id character varying(255),
    priority integer
);


ALTER TABLE public.required_action_provider OWNER TO keycloak;

--
-- Name: resource_attribute; Type: TABLE; Schema: public; Owner: keycloak
--

CREATE TABLE public.resource_attribute (
    id character varying(36) DEFAULT 'sybase-needs-something-here'::character varying NOT NULL,
    name character varying(255) NOT NULL,
    value character varying(255),
    resource_id character varying(36) NOT NULL
);


ALTER TABLE public.resource_attribute OWNER TO keycloak;

--
-- Name: resource_policy; Type: TABLE; Schema: public; Owner: keycloak
--

CREATE TABLE public.resource_policy (
    resource_id character varying(36) NOT NULL,
    policy_id character varying(36) NOT NULL
);


ALTER TABLE public.resource_policy OWNER TO keycloak;

--
-- Name: resource_scope; Type: TABLE; Schema: public; Owner: keycloak
--

CREATE TABLE public.resource_scope (
    resource_id character varying(36) NOT NULL,
    scope_id character varying(36) NOT NULL
);


ALTER TABLE public.resource_scope OWNER TO keycloak;

--
-- Name: resource_server; Type: TABLE; Schema: public; Owner: keycloak
--

CREATE TABLE public.resource_server (
    id character varying(36) NOT NULL,
    allow_rs_remote_mgmt boolean DEFAULT false NOT NULL,
    policy_enforce_mode smallint NOT NULL,
    decision_strategy smallint DEFAULT 1 NOT NULL
);


ALTER TABLE public.resource_server OWNER TO keycloak;

--
-- Name: resource_server_perm_ticket; Type: TABLE; Schema: public; Owner: keycloak
--

CREATE TABLE public.resource_server_perm_ticket (
    id character varying(36) NOT NULL,
    owner character varying(255) NOT NULL,
    requester character varying(255) NOT NULL,
    created_timestamp bigint NOT NULL,
    granted_timestamp bigint,
    resource_id character varying(36) NOT NULL,
    scope_id character varying(36),
    resource_server_id character varying(36) NOT NULL,
    policy_id character varying(36)
);


ALTER TABLE public.resource_server_perm_ticket OWNER TO keycloak;

--
-- Name: resource_server_policy; Type: TABLE; Schema: public; Owner: keycloak
--

CREATE TABLE public.resource_server_policy (
    id character varying(36) NOT NULL,
    name character varying(255) NOT NULL,
    description character varying(255),
    type character varying(255) NOT NULL,
    decision_strategy smallint,
    logic smallint,
    resource_server_id character varying(36) NOT NULL,
    owner character varying(255)
);


ALTER TABLE public.resource_server_policy OWNER TO keycloak;

--
-- Name: resource_server_resource; Type: TABLE; Schema: public; Owner: keycloak
--

CREATE TABLE public.resource_server_resource (
    id character varying(36) NOT NULL,
    name character varying(255) NOT NULL,
    type character varying(255),
    icon_uri character varying(255),
    owner character varying(255) NOT NULL,
    resource_server_id character varying(36) NOT NULL,
    owner_managed_access boolean DEFAULT false NOT NULL,
    display_name character varying(255)
);


ALTER TABLE public.resource_server_resource OWNER TO keycloak;

--
-- Name: resource_server_scope; Type: TABLE; Schema: public; Owner: keycloak
--

CREATE TABLE public.resource_server_scope (
    id character varying(36) NOT NULL,
    name character varying(255) NOT NULL,
    icon_uri character varying(255),
    resource_server_id character varying(36) NOT NULL,
    display_name character varying(255)
);


ALTER TABLE public.resource_server_scope OWNER TO keycloak;

--
-- Name: resource_uris; Type: TABLE; Schema: public; Owner: keycloak
--

CREATE TABLE public.resource_uris (
    resource_id character varying(36) NOT NULL,
    value character varying(255) NOT NULL
);


ALTER TABLE public.resource_uris OWNER TO keycloak;

--
-- Name: role_attribute; Type: TABLE; Schema: public; Owner: keycloak
--

CREATE TABLE public.role_attribute (
    id character varying(36) NOT NULL,
    role_id character varying(36) NOT NULL,
    name character varying(255) NOT NULL,
    value character varying(255)
);


ALTER TABLE public.role_attribute OWNER TO keycloak;

--
-- Name: scope_mapping; Type: TABLE; Schema: public; Owner: keycloak
--

CREATE TABLE public.scope_mapping (
    client_id character varying(36) NOT NULL,
    role_id character varying(36) NOT NULL
);


ALTER TABLE public.scope_mapping OWNER TO keycloak;

--
-- Name: scope_policy; Type: TABLE; Schema: public; Owner: keycloak
--

CREATE TABLE public.scope_policy (
    scope_id character varying(36) NOT NULL,
    policy_id character varying(36) NOT NULL
);


ALTER TABLE public.scope_policy OWNER TO keycloak;

--
-- Name: user_attribute; Type: TABLE; Schema: public; Owner: keycloak
--

CREATE TABLE public.user_attribute (
    name character varying(255) NOT NULL,
    value character varying(255),
    user_id character varying(36) NOT NULL,
    id character varying(36) DEFAULT 'sybase-needs-something-here'::character varying NOT NULL
);


ALTER TABLE public.user_attribute OWNER TO keycloak;

--
-- Name: user_consent; Type: TABLE; Schema: public; Owner: keycloak
--

CREATE TABLE public.user_consent (
    id character varying(36) NOT NULL,
    client_id character varying(255),
    user_id character varying(36) NOT NULL,
    created_date bigint,
    last_updated_date bigint,
    client_storage_provider character varying(36),
    external_client_id character varying(255)
);


ALTER TABLE public.user_consent OWNER TO keycloak;

--
-- Name: user_consent_client_scope; Type: TABLE; Schema: public; Owner: keycloak
--

CREATE TABLE public.user_consent_client_scope (
    user_consent_id character varying(36) NOT NULL,
    scope_id character varying(36) NOT NULL
);


ALTER TABLE public.user_consent_client_scope OWNER TO keycloak;

--
-- Name: user_entity; Type: TABLE; Schema: public; Owner: keycloak
--

CREATE TABLE public.user_entity (
    id character varying(36) NOT NULL,
    email character varying(255),
    email_constraint character varying(255),
    email_verified boolean DEFAULT false NOT NULL,
    enabled boolean DEFAULT false NOT NULL,
    federation_link character varying(255),
    first_name character varying(255),
    last_name character varying(255),
    realm_id character varying(255),
    username character varying(255),
    created_timestamp bigint,
    service_account_client_link character varying(255),
    not_before integer DEFAULT 0 NOT NULL
);


ALTER TABLE public.user_entity OWNER TO keycloak;

--
-- Name: user_federation_config; Type: TABLE; Schema: public; Owner: keycloak
--

CREATE TABLE public.user_federation_config (
    user_federation_provider_id character varying(36) NOT NULL,
    value character varying(255),
    name character varying(255) NOT NULL
);


ALTER TABLE public.user_federation_config OWNER TO keycloak;

--
-- Name: user_federation_mapper; Type: TABLE; Schema: public; Owner: keycloak
--

CREATE TABLE public.user_federation_mapper (
    id character varying(36) NOT NULL,
    name character varying(255) NOT NULL,
    federation_provider_id character varying(36) NOT NULL,
    federation_mapper_type character varying(255) NOT NULL,
    realm_id character varying(36) NOT NULL
);


ALTER TABLE public.user_federation_mapper OWNER TO keycloak;

--
-- Name: user_federation_mapper_config; Type: TABLE; Schema: public; Owner: keycloak
--

CREATE TABLE public.user_federation_mapper_config (
    user_federation_mapper_id character varying(36) NOT NULL,
    value character varying(255),
    name character varying(255) NOT NULL
);


ALTER TABLE public.user_federation_mapper_config OWNER TO keycloak;

--
-- Name: user_federation_provider; Type: TABLE; Schema: public; Owner: keycloak
--

CREATE TABLE public.user_federation_provider (
    id character varying(36) NOT NULL,
    changed_sync_period integer,
    display_name character varying(255),
    full_sync_period integer,
    last_sync integer,
    priority integer,
    provider_name character varying(255),
    realm_id character varying(36)
);


ALTER TABLE public.user_federation_provider OWNER TO keycloak;

--
-- Name: user_group_membership; Type: TABLE; Schema: public; Owner: keycloak
--

CREATE TABLE public.user_group_membership (
    group_id character varying(36) NOT NULL,
    user_id character varying(36) NOT NULL
);


ALTER TABLE public.user_group_membership OWNER TO keycloak;

--
-- Name: user_required_action; Type: TABLE; Schema: public; Owner: keycloak
--

CREATE TABLE public.user_required_action (
    user_id character varying(36) NOT NULL,
    required_action character varying(255) DEFAULT ' '::character varying NOT NULL
);


ALTER TABLE public.user_required_action OWNER TO keycloak;

--
-- Name: user_role_mapping; Type: TABLE; Schema: public; Owner: keycloak
--

CREATE TABLE public.user_role_mapping (
    role_id character varying(255) NOT NULL,
    user_id character varying(36) NOT NULL
);


ALTER TABLE public.user_role_mapping OWNER TO keycloak;

--
-- Name: user_session; Type: TABLE; Schema: public; Owner: keycloak
--

CREATE TABLE public.user_session (
    id character varying(36) NOT NULL,
    auth_method character varying(255),
    ip_address character varying(255),
    last_session_refresh integer,
    login_username character varying(255),
    realm_id character varying(255),
    remember_me boolean DEFAULT false NOT NULL,
    started integer,
    user_id character varying(255),
    user_session_state integer,
    broker_session_id character varying(255),
    broker_user_id character varying(255)
);


ALTER TABLE public.user_session OWNER TO keycloak;

--
-- Name: user_session_note; Type: TABLE; Schema: public; Owner: keycloak
--

CREATE TABLE public.user_session_note (
    user_session character varying(36) NOT NULL,
    name character varying(255) NOT NULL,
    value character varying(2048)
);


ALTER TABLE public.user_session_note OWNER TO keycloak;

--
-- Name: username_login_failure; Type: TABLE; Schema: public; Owner: keycloak
--

CREATE TABLE public.username_login_failure (
    realm_id character varying(36) NOT NULL,
    username character varying(255) NOT NULL,
    failed_login_not_before integer,
    last_failure bigint,
    last_ip_failure character varying(255),
    num_failures integer
);


ALTER TABLE public.username_login_failure OWNER TO keycloak;

--
-- Name: web_origins; Type: TABLE; Schema: public; Owner: keycloak
--

CREATE TABLE public.web_origins (
    client_id character varying(36) NOT NULL,
    value character varying(255) NOT NULL
);


ALTER TABLE public.web_origins OWNER TO keycloak;

--
-- Data for Name: admin_event_entity; Type: TABLE DATA; Schema: public; Owner: keycloak
--

COPY public.admin_event_entity (id, admin_event_time, realm_id, operation_type, auth_realm_id, auth_client_id, auth_user_id, ip_address, resource_path, representation, error, resource_type) FROM stdin;
\.


--
-- Data for Name: associated_policy; Type: TABLE DATA; Schema: public; Owner: keycloak
--

COPY public.associated_policy (policy_id, associated_policy_id) FROM stdin;
\.


--
-- Data for Name: authentication_execution; Type: TABLE DATA; Schema: public; Owner: keycloak
--

COPY public.authentication_execution (id, alias, authenticator, realm_id, flow_id, requirement, priority, authenticator_flow, auth_flow_id, auth_config) FROM stdin;
8772f340-fd75-43e9-8086-246e6db08945	\N	auth-cookie	c4049252-49df-41a9-aef7-48d83ef55b9b	159bae2e-081c-47d5-93fd-7af7e429eaa4	2	10	f	\N	\N
6125919c-671f-42f3-a35b-012d33c4a569	\N	auth-spnego	c4049252-49df-41a9-aef7-48d83ef55b9b	159bae2e-081c-47d5-93fd-7af7e429eaa4	3	20	f	\N	\N
b14c8744-cc15-4830-aaec-a30747f7af6f	\N	identity-provider-redirector	c4049252-49df-41a9-aef7-48d83ef55b9b	159bae2e-081c-47d5-93fd-7af7e429eaa4	2	25	f	\N	\N
62f93862-19b1-41d2-8fec-0ff7119065fd	\N	\N	c4049252-49df-41a9-aef7-48d83ef55b9b	159bae2e-081c-47d5-93fd-7af7e429eaa4	2	30	t	5e199291-461c-4608-9a0c-785eac119f2d	\N
72a7111c-dd17-40cd-91e4-0dea4e58c3d3	\N	auth-username-password-form	c4049252-49df-41a9-aef7-48d83ef55b9b	5e199291-461c-4608-9a0c-785eac119f2d	0	10	f	\N	\N
452a7342-e01d-4eff-a24e-1dd440839a19	\N	\N	c4049252-49df-41a9-aef7-48d83ef55b9b	5e199291-461c-4608-9a0c-785eac119f2d	1	20	t	2ac20c91-8414-4e79-80e4-1f5c68df3f15	\N
637fd1c1-e0c4-4974-b7a2-a9835e51f161	\N	conditional-user-configured	c4049252-49df-41a9-aef7-48d83ef55b9b	2ac20c91-8414-4e79-80e4-1f5c68df3f15	0	10	f	\N	\N
50e2717b-11df-488c-b8be-066b9bfb8418	\N	auth-otp-form	c4049252-49df-41a9-aef7-48d83ef55b9b	2ac20c91-8414-4e79-80e4-1f5c68df3f15	0	20	f	\N	\N
2b3b47a3-92aa-4241-9625-c5680ff53602	\N	direct-grant-validate-username	c4049252-49df-41a9-aef7-48d83ef55b9b	42be49df-6d7d-466d-8de1-61670080ea13	0	10	f	\N	\N
53722e76-7d66-4e25-9725-ca263e764838	\N	direct-grant-validate-password	c4049252-49df-41a9-aef7-48d83ef55b9b	42be49df-6d7d-466d-8de1-61670080ea13	0	20	f	\N	\N
9e960844-418c-4055-862b-53a327e741f6	\N	\N	c4049252-49df-41a9-aef7-48d83ef55b9b	42be49df-6d7d-466d-8de1-61670080ea13	1	30	t	8cdc2fb8-0299-46a4-8a3c-0e90c7518420	\N
d1eaa8e7-32de-479c-a8d6-2e3ed8d07cf1	\N	conditional-user-configured	c4049252-49df-41a9-aef7-48d83ef55b9b	8cdc2fb8-0299-46a4-8a3c-0e90c7518420	0	10	f	\N	\N
4ef72219-3ec2-418c-9bc7-50a994b5995a	\N	direct-grant-validate-otp	c4049252-49df-41a9-aef7-48d83ef55b9b	8cdc2fb8-0299-46a4-8a3c-0e90c7518420	0	20	f	\N	\N
cde126d7-bb79-4173-ba72-f8d41fde1b0f	\N	registration-page-form	c4049252-49df-41a9-aef7-48d83ef55b9b	b471a32c-a016-4141-89d8-3d8d0858a459	0	10	t	7573f1c0-4fe2-451c-832d-05a14d5277ac	\N
292c3f4b-1a0a-48a9-af09-f76e3511362d	\N	registration-user-creation	c4049252-49df-41a9-aef7-48d83ef55b9b	7573f1c0-4fe2-451c-832d-05a14d5277ac	0	20	f	\N	\N
243d1bb1-33a0-41c1-b49e-01b86e433f32	\N	registration-profile-action	c4049252-49df-41a9-aef7-48d83ef55b9b	7573f1c0-4fe2-451c-832d-05a14d5277ac	0	40	f	\N	\N
515aa4b1-576b-4930-adcf-97ef0ad904f1	\N	registration-password-action	c4049252-49df-41a9-aef7-48d83ef55b9b	7573f1c0-4fe2-451c-832d-05a14d5277ac	0	50	f	\N	\N
c0d91713-6968-431e-8b02-dbedec9fa3fc	\N	registration-recaptcha-action	c4049252-49df-41a9-aef7-48d83ef55b9b	7573f1c0-4fe2-451c-832d-05a14d5277ac	3	60	f	\N	\N
25c1f362-6f4b-4824-8464-70e0da543720	\N	registration-terms-and-conditions	c4049252-49df-41a9-aef7-48d83ef55b9b	7573f1c0-4fe2-451c-832d-05a14d5277ac	3	70	f	\N	\N
ae799299-ce7c-496b-8645-725d4d76fd2d	\N	reset-credentials-choose-user	c4049252-49df-41a9-aef7-48d83ef55b9b	823e4454-4915-44cd-8e1f-d2fca1cfbc0d	0	10	f	\N	\N
8456c60e-d933-4996-86c4-e64ae5f788d0	\N	reset-credential-email	c4049252-49df-41a9-aef7-48d83ef55b9b	823e4454-4915-44cd-8e1f-d2fca1cfbc0d	0	20	f	\N	\N
47e51aca-52a9-40c0-82e1-4102c6157460	\N	reset-password	c4049252-49df-41a9-aef7-48d83ef55b9b	823e4454-4915-44cd-8e1f-d2fca1cfbc0d	0	30	f	\N	\N
fee402e1-1e8e-4e6f-940f-25f57804e348	\N	\N	c4049252-49df-41a9-aef7-48d83ef55b9b	823e4454-4915-44cd-8e1f-d2fca1cfbc0d	1	40	t	7713625d-34c4-4d24-8c31-eeb487098c53	\N
f6b23d93-d452-491c-9bed-7eb5c2d72b26	\N	conditional-user-configured	c4049252-49df-41a9-aef7-48d83ef55b9b	7713625d-34c4-4d24-8c31-eeb487098c53	0	10	f	\N	\N
7fa4e2ec-0be3-4985-a74b-c969a845caad	\N	reset-otp	c4049252-49df-41a9-aef7-48d83ef55b9b	7713625d-34c4-4d24-8c31-eeb487098c53	0	20	f	\N	\N
4ccdd3ed-f1ce-4e77-b608-7aa2272c0c75	\N	client-secret	c4049252-49df-41a9-aef7-48d83ef55b9b	91b46ef4-7403-4802-8554-63f87060ffe7	2	10	f	\N	\N
805edf61-4e61-4bd2-bf48-fcb64a91c1e4	\N	client-jwt	c4049252-49df-41a9-aef7-48d83ef55b9b	91b46ef4-7403-4802-8554-63f87060ffe7	2	20	f	\N	\N
cfa2d1df-ccb4-4180-a0cb-3988af46a4ee	\N	client-secret-jwt	c4049252-49df-41a9-aef7-48d83ef55b9b	91b46ef4-7403-4802-8554-63f87060ffe7	2	30	f	\N	\N
f09721bf-529d-44b7-ae5e-158974e84ac5	\N	client-x509	c4049252-49df-41a9-aef7-48d83ef55b9b	91b46ef4-7403-4802-8554-63f87060ffe7	2	40	f	\N	\N
54b702d2-a168-4453-b4f8-a190b05fac25	\N	idp-review-profile	c4049252-49df-41a9-aef7-48d83ef55b9b	a869a3b3-4cb4-4e68-bfaa-952a531cf721	0	10	f	\N	42d71774-ece2-4d90-9768-7b86133e639c
48d30e9a-78de-4c22-a481-c970f333398c	\N	\N	c4049252-49df-41a9-aef7-48d83ef55b9b	a869a3b3-4cb4-4e68-bfaa-952a531cf721	0	20	t	3c0f6327-fe8f-4824-9776-ac9251f17e5c	\N
465ec204-99c3-4811-a6c2-832264c6f67c	\N	idp-create-user-if-unique	c4049252-49df-41a9-aef7-48d83ef55b9b	3c0f6327-fe8f-4824-9776-ac9251f17e5c	2	10	f	\N	6a6dfcc6-3608-4c81-ba15-6ea35ec3cd31
51ce522b-8b57-41bc-a717-ca6839bbfe26	\N	\N	c4049252-49df-41a9-aef7-48d83ef55b9b	3c0f6327-fe8f-4824-9776-ac9251f17e5c	2	20	t	1abccf67-8880-41c7-a28b-07297186812c	\N
2180d6ba-c62c-4225-ba8e-30e14c521be1	\N	idp-confirm-link	c4049252-49df-41a9-aef7-48d83ef55b9b	1abccf67-8880-41c7-a28b-07297186812c	0	10	f	\N	\N
51e75bdb-6184-45d9-b5cb-5b052fbcdb5d	\N	\N	c4049252-49df-41a9-aef7-48d83ef55b9b	1abccf67-8880-41c7-a28b-07297186812c	0	20	t	df318a22-333e-4170-a1c6-d5a0e0a0a9d0	\N
a714169c-8a8a-413c-bb2e-3458334aedb3	\N	idp-email-verification	c4049252-49df-41a9-aef7-48d83ef55b9b	df318a22-333e-4170-a1c6-d5a0e0a0a9d0	2	10	f	\N	\N
cba211bc-c8ba-4d3c-9526-4a1a06b761f1	\N	\N	c4049252-49df-41a9-aef7-48d83ef55b9b	df318a22-333e-4170-a1c6-d5a0e0a0a9d0	2	20	t	4749c964-7a2c-40c3-94b5-e690d9557a73	\N
e06d7c15-cb8b-4daa-a39c-c2084fc870c8	\N	idp-username-password-form	c4049252-49df-41a9-aef7-48d83ef55b9b	4749c964-7a2c-40c3-94b5-e690d9557a73	0	10	f	\N	\N
aaf556b8-c1ee-49fa-838f-06aa7b800607	\N	\N	c4049252-49df-41a9-aef7-48d83ef55b9b	4749c964-7a2c-40c3-94b5-e690d9557a73	1	20	t	1a20d932-8ceb-4ced-ad5a-a55a0c45ee55	\N
63c75772-8b45-4e9b-ac96-8a1aa94efa34	\N	conditional-user-configured	c4049252-49df-41a9-aef7-48d83ef55b9b	1a20d932-8ceb-4ced-ad5a-a55a0c45ee55	0	10	f	\N	\N
5c4dc3bb-f601-4e57-aa9e-8afe4430810b	\N	auth-otp-form	c4049252-49df-41a9-aef7-48d83ef55b9b	1a20d932-8ceb-4ced-ad5a-a55a0c45ee55	0	20	f	\N	\N
af1c2d2a-6ec7-4fbc-9de1-3459442ff277	\N	http-basic-authenticator	c4049252-49df-41a9-aef7-48d83ef55b9b	e2b6b838-c360-4509-82c5-855c2ab4ed75	0	10	f	\N	\N
719d775d-f364-4694-97ee-d4da74d6f241	\N	docker-http-basic-authenticator	c4049252-49df-41a9-aef7-48d83ef55b9b	8360020f-cfaf-4fcc-8c00-6be8dc2edb68	0	10	f	\N	\N
9ac73aac-6405-481b-9662-982aea46ac6f	\N	auth-cookie	144c0b69-8ccd-41f8-8b1c-ae9ff24bac0a	471b9257-3796-4a4a-88b5-84d03dc770b6	2	10	f	\N	\N
bd230181-e953-4506-9ed1-7c4c1221c0f8	\N	auth-spnego	144c0b69-8ccd-41f8-8b1c-ae9ff24bac0a	471b9257-3796-4a4a-88b5-84d03dc770b6	3	20	f	\N	\N
d3d9d008-ce28-4197-8e9f-665ada9e3bc2	\N	identity-provider-redirector	144c0b69-8ccd-41f8-8b1c-ae9ff24bac0a	471b9257-3796-4a4a-88b5-84d03dc770b6	2	25	f	\N	\N
64ddeb06-9cd0-4a9b-be68-5656fa807441	\N	\N	144c0b69-8ccd-41f8-8b1c-ae9ff24bac0a	471b9257-3796-4a4a-88b5-84d03dc770b6	2	30	t	1334bf46-99c7-4456-92b1-f9e46530c974	\N
ce0d4840-c7dc-422c-9d4d-c35e30cd91ae	\N	auth-username-password-form	144c0b69-8ccd-41f8-8b1c-ae9ff24bac0a	1334bf46-99c7-4456-92b1-f9e46530c974	0	10	f	\N	\N
e294fbfe-c0bd-4298-9953-93a43b0f125a	\N	\N	144c0b69-8ccd-41f8-8b1c-ae9ff24bac0a	1334bf46-99c7-4456-92b1-f9e46530c974	1	20	t	163a45e7-8377-417a-8f97-7b2f420e53e3	\N
955c0535-4853-4dbf-900c-1b12c6a0199b	\N	conditional-user-configured	144c0b69-8ccd-41f8-8b1c-ae9ff24bac0a	163a45e7-8377-417a-8f97-7b2f420e53e3	0	10	f	\N	\N
c71c0b81-289f-410d-b6ee-0e7a1a0b2028	\N	auth-otp-form	144c0b69-8ccd-41f8-8b1c-ae9ff24bac0a	163a45e7-8377-417a-8f97-7b2f420e53e3	0	20	f	\N	\N
5ee7fa0b-8a74-489a-af50-abca6e4a14a0	\N	direct-grant-validate-username	144c0b69-8ccd-41f8-8b1c-ae9ff24bac0a	9117851c-72ce-484f-9056-02c546f2af03	0	10	f	\N	\N
1d5734bb-39a6-4748-a9cf-1b8271eee73f	\N	direct-grant-validate-password	144c0b69-8ccd-41f8-8b1c-ae9ff24bac0a	9117851c-72ce-484f-9056-02c546f2af03	0	20	f	\N	\N
15add8f7-72c5-4170-b9a8-898382f6e821	\N	\N	144c0b69-8ccd-41f8-8b1c-ae9ff24bac0a	9117851c-72ce-484f-9056-02c546f2af03	1	30	t	84010cb8-1db6-4c4b-b93d-0cec9ab889da	\N
f456d57d-08a7-44cb-83d3-4a49185315c8	\N	conditional-user-configured	144c0b69-8ccd-41f8-8b1c-ae9ff24bac0a	84010cb8-1db6-4c4b-b93d-0cec9ab889da	0	10	f	\N	\N
ced6bfd9-f468-4012-8cde-d5498c2141a5	\N	direct-grant-validate-otp	144c0b69-8ccd-41f8-8b1c-ae9ff24bac0a	84010cb8-1db6-4c4b-b93d-0cec9ab889da	0	20	f	\N	\N
bc4e0764-96b2-4f82-bbd2-60651e83cf98	\N	registration-page-form	144c0b69-8ccd-41f8-8b1c-ae9ff24bac0a	994ce356-a898-4e82-9be8-f0b19ba4f3e6	0	10	t	ea5719b7-f2d1-4c09-bc04-d768d2168362	\N
9a2ff553-f1ee-42db-87c2-1937469576f1	\N	registration-user-creation	144c0b69-8ccd-41f8-8b1c-ae9ff24bac0a	ea5719b7-f2d1-4c09-bc04-d768d2168362	0	20	f	\N	\N
4de46091-f4f9-4717-bf89-fbc3e234d426	\N	registration-profile-action	144c0b69-8ccd-41f8-8b1c-ae9ff24bac0a	ea5719b7-f2d1-4c09-bc04-d768d2168362	0	40	f	\N	\N
e376930d-4c96-48f7-9774-3ef07b099dd0	\N	registration-password-action	144c0b69-8ccd-41f8-8b1c-ae9ff24bac0a	ea5719b7-f2d1-4c09-bc04-d768d2168362	0	50	f	\N	\N
ad32216f-4f7e-4586-9440-dac1fecd72d1	\N	registration-recaptcha-action	144c0b69-8ccd-41f8-8b1c-ae9ff24bac0a	ea5719b7-f2d1-4c09-bc04-d768d2168362	3	60	f	\N	\N
00694167-a808-4573-8a9b-751fcf28693c	\N	reset-credentials-choose-user	144c0b69-8ccd-41f8-8b1c-ae9ff24bac0a	c9812133-8011-408d-bc85-9857e0964b9f	0	10	f	\N	\N
2b9ae7fd-b01e-4110-9daa-056543fddc56	\N	reset-credential-email	144c0b69-8ccd-41f8-8b1c-ae9ff24bac0a	c9812133-8011-408d-bc85-9857e0964b9f	0	20	f	\N	\N
e726eccf-dc66-4461-ac1d-861ea1f60e93	\N	reset-password	144c0b69-8ccd-41f8-8b1c-ae9ff24bac0a	c9812133-8011-408d-bc85-9857e0964b9f	0	30	f	\N	\N
8eb143cd-88f5-4350-8d32-b9d2a1c448b5	\N	\N	144c0b69-8ccd-41f8-8b1c-ae9ff24bac0a	c9812133-8011-408d-bc85-9857e0964b9f	1	40	t	50ddcefb-d2bf-4fed-9b51-88e91f438584	\N
bc5f1c89-aab0-4676-857c-4fd23e9a1e1c	\N	conditional-user-configured	144c0b69-8ccd-41f8-8b1c-ae9ff24bac0a	50ddcefb-d2bf-4fed-9b51-88e91f438584	0	10	f	\N	\N
b99c7aa3-24a9-49cb-84d8-dbf776541ec6	\N	reset-otp	144c0b69-8ccd-41f8-8b1c-ae9ff24bac0a	50ddcefb-d2bf-4fed-9b51-88e91f438584	0	20	f	\N	\N
74a7bfa8-658a-4967-97ab-642bf7687afc	\N	client-secret	144c0b69-8ccd-41f8-8b1c-ae9ff24bac0a	906fb94d-9f4d-490b-8c43-f29a304b9bed	2	10	f	\N	\N
bf6c6b87-a4ab-4e08-a4cc-12f81492ac21	\N	client-jwt	144c0b69-8ccd-41f8-8b1c-ae9ff24bac0a	906fb94d-9f4d-490b-8c43-f29a304b9bed	2	20	f	\N	\N
61fc8b96-73d4-4d0a-b8c5-8e1507cbb67c	\N	client-secret-jwt	144c0b69-8ccd-41f8-8b1c-ae9ff24bac0a	906fb94d-9f4d-490b-8c43-f29a304b9bed	2	30	f	\N	\N
5335801b-bd66-49ad-8351-2a2ee8727bb0	\N	client-x509	144c0b69-8ccd-41f8-8b1c-ae9ff24bac0a	906fb94d-9f4d-490b-8c43-f29a304b9bed	2	40	f	\N	\N
761b5a15-8845-47db-87fc-b1385d5b8a88	\N	idp-review-profile	144c0b69-8ccd-41f8-8b1c-ae9ff24bac0a	710158d0-879b-44b1-a065-f6429712db02	0	10	f	\N	75c4e6c1-7d58-435f-bb8e-cd18c5183180
bafff1df-4353-42fe-93c6-6a416b1586f1	\N	\N	144c0b69-8ccd-41f8-8b1c-ae9ff24bac0a	710158d0-879b-44b1-a065-f6429712db02	0	20	t	bd6a8301-eba6-4c64-8130-7fcbe6a67ec6	\N
52f1eb72-8a04-43a8-8bee-c1c0f88834f0	\N	idp-create-user-if-unique	144c0b69-8ccd-41f8-8b1c-ae9ff24bac0a	bd6a8301-eba6-4c64-8130-7fcbe6a67ec6	2	10	f	\N	6674de47-71e7-43dd-9523-c9ee1fcdc3bb
acd425d5-2436-44eb-b91d-3e482737e7e0	\N	\N	144c0b69-8ccd-41f8-8b1c-ae9ff24bac0a	bd6a8301-eba6-4c64-8130-7fcbe6a67ec6	2	20	t	6d8ebb24-d795-46de-bb64-3bbe488bffce	\N
0313690f-fb9f-4b56-b484-16c79abdc9b1	\N	idp-confirm-link	144c0b69-8ccd-41f8-8b1c-ae9ff24bac0a	6d8ebb24-d795-46de-bb64-3bbe488bffce	0	10	f	\N	\N
32a53c12-ee12-4a49-aeb5-847fd2f4988f	\N	\N	144c0b69-8ccd-41f8-8b1c-ae9ff24bac0a	6d8ebb24-d795-46de-bb64-3bbe488bffce	0	20	t	594e65ee-5d11-430f-8249-d3ecab6735ad	\N
9919a0c7-da07-4eb2-b396-ba3dd97dddcd	\N	idp-email-verification	144c0b69-8ccd-41f8-8b1c-ae9ff24bac0a	594e65ee-5d11-430f-8249-d3ecab6735ad	2	10	f	\N	\N
ab774de2-9d51-47b0-8735-58e9716113fa	\N	\N	144c0b69-8ccd-41f8-8b1c-ae9ff24bac0a	594e65ee-5d11-430f-8249-d3ecab6735ad	2	20	t	33ca1bb1-e14a-44c5-a0c1-b3fd94db0ff3	\N
446a207e-9bdd-4814-a126-56cf59fa4557	\N	idp-username-password-form	144c0b69-8ccd-41f8-8b1c-ae9ff24bac0a	33ca1bb1-e14a-44c5-a0c1-b3fd94db0ff3	0	10	f	\N	\N
bb46f984-1470-4c3d-a480-1e5cd59efce6	\N	\N	144c0b69-8ccd-41f8-8b1c-ae9ff24bac0a	33ca1bb1-e14a-44c5-a0c1-b3fd94db0ff3	1	20	t	035a0e9e-0005-40dc-b8f1-3cd8f92ceb7e	\N
62d69b3e-2f22-4814-ba18-b37010a7527e	\N	conditional-user-configured	144c0b69-8ccd-41f8-8b1c-ae9ff24bac0a	035a0e9e-0005-40dc-b8f1-3cd8f92ceb7e	0	10	f	\N	\N
d3ba8c1d-d0d9-4b55-a8e1-9ddf99423eb0	\N	auth-otp-form	144c0b69-8ccd-41f8-8b1c-ae9ff24bac0a	035a0e9e-0005-40dc-b8f1-3cd8f92ceb7e	0	20	f	\N	\N
78b6261a-6613-4816-aaeb-a95dd8d502fc	\N	http-basic-authenticator	144c0b69-8ccd-41f8-8b1c-ae9ff24bac0a	57ee353e-d235-4a46-97fa-5d86f5b31faf	0	10	f	\N	\N
dbb639f4-8d6d-4f01-b962-0ce801a87cd3	\N	docker-http-basic-authenticator	144c0b69-8ccd-41f8-8b1c-ae9ff24bac0a	ff236ccc-385f-4d41-b325-95de0d50bfd5	0	10	f	\N	\N
\.


--
-- Data for Name: authentication_flow; Type: TABLE DATA; Schema: public; Owner: keycloak
--

COPY public.authentication_flow (id, alias, description, realm_id, provider_id, top_level, built_in) FROM stdin;
159bae2e-081c-47d5-93fd-7af7e429eaa4	browser	browser based authentication	c4049252-49df-41a9-aef7-48d83ef55b9b	basic-flow	t	t
5e199291-461c-4608-9a0c-785eac119f2d	forms	Username, password, otp and other auth forms.	c4049252-49df-41a9-aef7-48d83ef55b9b	basic-flow	f	t
2ac20c91-8414-4e79-80e4-1f5c68df3f15	Browser - Conditional OTP	Flow to determine if the OTP is required for the authentication	c4049252-49df-41a9-aef7-48d83ef55b9b	basic-flow	f	t
42be49df-6d7d-466d-8de1-61670080ea13	direct grant	OpenID Connect Resource Owner Grant	c4049252-49df-41a9-aef7-48d83ef55b9b	basic-flow	t	t
8cdc2fb8-0299-46a4-8a3c-0e90c7518420	Direct Grant - Conditional OTP	Flow to determine if the OTP is required for the authentication	c4049252-49df-41a9-aef7-48d83ef55b9b	basic-flow	f	t
b471a32c-a016-4141-89d8-3d8d0858a459	registration	registration flow	c4049252-49df-41a9-aef7-48d83ef55b9b	basic-flow	t	t
7573f1c0-4fe2-451c-832d-05a14d5277ac	registration form	registration form	c4049252-49df-41a9-aef7-48d83ef55b9b	form-flow	f	t
823e4454-4915-44cd-8e1f-d2fca1cfbc0d	reset credentials	Reset credentials for a user if they forgot their password or something	c4049252-49df-41a9-aef7-48d83ef55b9b	basic-flow	t	t
7713625d-34c4-4d24-8c31-eeb487098c53	Reset - Conditional OTP	Flow to determine if the OTP should be reset or not. Set to REQUIRED to force.	c4049252-49df-41a9-aef7-48d83ef55b9b	basic-flow	f	t
91b46ef4-7403-4802-8554-63f87060ffe7	clients	Base authentication for clients	c4049252-49df-41a9-aef7-48d83ef55b9b	client-flow	t	t
a869a3b3-4cb4-4e68-bfaa-952a531cf721	first broker login	Actions taken after first broker login with identity provider account, which is not yet linked to any Keycloak account	c4049252-49df-41a9-aef7-48d83ef55b9b	basic-flow	t	t
3c0f6327-fe8f-4824-9776-ac9251f17e5c	User creation or linking	Flow for the existing/non-existing user alternatives	c4049252-49df-41a9-aef7-48d83ef55b9b	basic-flow	f	t
1abccf67-8880-41c7-a28b-07297186812c	Handle Existing Account	Handle what to do if there is existing account with same email/username like authenticated identity provider	c4049252-49df-41a9-aef7-48d83ef55b9b	basic-flow	f	t
df318a22-333e-4170-a1c6-d5a0e0a0a9d0	Account verification options	Method with which to verity the existing account	c4049252-49df-41a9-aef7-48d83ef55b9b	basic-flow	f	t
4749c964-7a2c-40c3-94b5-e690d9557a73	Verify Existing Account by Re-authentication	Reauthentication of existing account	c4049252-49df-41a9-aef7-48d83ef55b9b	basic-flow	f	t
1a20d932-8ceb-4ced-ad5a-a55a0c45ee55	First broker login - Conditional OTP	Flow to determine if the OTP is required for the authentication	c4049252-49df-41a9-aef7-48d83ef55b9b	basic-flow	f	t
e2b6b838-c360-4509-82c5-855c2ab4ed75	saml ecp	SAML ECP Profile Authentication Flow	c4049252-49df-41a9-aef7-48d83ef55b9b	basic-flow	t	t
8360020f-cfaf-4fcc-8c00-6be8dc2edb68	docker auth	Used by Docker clients to authenticate against the IDP	c4049252-49df-41a9-aef7-48d83ef55b9b	basic-flow	t	t
471b9257-3796-4a4a-88b5-84d03dc770b6	browser	browser based authentication	144c0b69-8ccd-41f8-8b1c-ae9ff24bac0a	basic-flow	t	t
1334bf46-99c7-4456-92b1-f9e46530c974	forms	Username, password, otp and other auth forms.	144c0b69-8ccd-41f8-8b1c-ae9ff24bac0a	basic-flow	f	t
163a45e7-8377-417a-8f97-7b2f420e53e3	Browser - Conditional OTP	Flow to determine if the OTP is required for the authentication	144c0b69-8ccd-41f8-8b1c-ae9ff24bac0a	basic-flow	f	t
9117851c-72ce-484f-9056-02c546f2af03	direct grant	OpenID Connect Resource Owner Grant	144c0b69-8ccd-41f8-8b1c-ae9ff24bac0a	basic-flow	t	t
84010cb8-1db6-4c4b-b93d-0cec9ab889da	Direct Grant - Conditional OTP	Flow to determine if the OTP is required for the authentication	144c0b69-8ccd-41f8-8b1c-ae9ff24bac0a	basic-flow	f	t
994ce356-a898-4e82-9be8-f0b19ba4f3e6	registration	registration flow	144c0b69-8ccd-41f8-8b1c-ae9ff24bac0a	basic-flow	t	t
ea5719b7-f2d1-4c09-bc04-d768d2168362	registration form	registration form	144c0b69-8ccd-41f8-8b1c-ae9ff24bac0a	form-flow	f	t
c9812133-8011-408d-bc85-9857e0964b9f	reset credentials	Reset credentials for a user if they forgot their password or something	144c0b69-8ccd-41f8-8b1c-ae9ff24bac0a	basic-flow	t	t
50ddcefb-d2bf-4fed-9b51-88e91f438584	Reset - Conditional OTP	Flow to determine if the OTP should be reset or not. Set to REQUIRED to force.	144c0b69-8ccd-41f8-8b1c-ae9ff24bac0a	basic-flow	f	t
906fb94d-9f4d-490b-8c43-f29a304b9bed	clients	Base authentication for clients	144c0b69-8ccd-41f8-8b1c-ae9ff24bac0a	client-flow	t	t
710158d0-879b-44b1-a065-f6429712db02	first broker login	Actions taken after first broker login with identity provider account, which is not yet linked to any Keycloak account	144c0b69-8ccd-41f8-8b1c-ae9ff24bac0a	basic-flow	t	t
bd6a8301-eba6-4c64-8130-7fcbe6a67ec6	User creation or linking	Flow for the existing/non-existing user alternatives	144c0b69-8ccd-41f8-8b1c-ae9ff24bac0a	basic-flow	f	t
6d8ebb24-d795-46de-bb64-3bbe488bffce	Handle Existing Account	Handle what to do if there is existing account with same email/username like authenticated identity provider	144c0b69-8ccd-41f8-8b1c-ae9ff24bac0a	basic-flow	f	t
594e65ee-5d11-430f-8249-d3ecab6735ad	Account verification options	Method with which to verity the existing account	144c0b69-8ccd-41f8-8b1c-ae9ff24bac0a	basic-flow	f	t
33ca1bb1-e14a-44c5-a0c1-b3fd94db0ff3	Verify Existing Account by Re-authentication	Reauthentication of existing account	144c0b69-8ccd-41f8-8b1c-ae9ff24bac0a	basic-flow	f	t
035a0e9e-0005-40dc-b8f1-3cd8f92ceb7e	First broker login - Conditional OTP	Flow to determine if the OTP is required for the authentication	144c0b69-8ccd-41f8-8b1c-ae9ff24bac0a	basic-flow	f	t
57ee353e-d235-4a46-97fa-5d86f5b31faf	saml ecp	SAML ECP Profile Authentication Flow	144c0b69-8ccd-41f8-8b1c-ae9ff24bac0a	basic-flow	t	t
ff236ccc-385f-4d41-b325-95de0d50bfd5	docker auth	Used by Docker clients to authenticate against the IDP	144c0b69-8ccd-41f8-8b1c-ae9ff24bac0a	basic-flow	t	t
\.


--
-- Data for Name: authenticator_config; Type: TABLE DATA; Schema: public; Owner: keycloak
--

COPY public.authenticator_config (id, alias, realm_id) FROM stdin;
42d71774-ece2-4d90-9768-7b86133e639c	review profile config	c4049252-49df-41a9-aef7-48d83ef55b9b
6a6dfcc6-3608-4c81-ba15-6ea35ec3cd31	create unique user config	c4049252-49df-41a9-aef7-48d83ef55b9b
75c4e6c1-7d58-435f-bb8e-cd18c5183180	review profile config	144c0b69-8ccd-41f8-8b1c-ae9ff24bac0a
6674de47-71e7-43dd-9523-c9ee1fcdc3bb	create unique user config	144c0b69-8ccd-41f8-8b1c-ae9ff24bac0a
\.


--
-- Data for Name: authenticator_config_entry; Type: TABLE DATA; Schema: public; Owner: keycloak
--

COPY public.authenticator_config_entry (authenticator_id, value, name) FROM stdin;
42d71774-ece2-4d90-9768-7b86133e639c	missing	update.profile.on.first.login
6a6dfcc6-3608-4c81-ba15-6ea35ec3cd31	false	require.password.update.after.registration
6674de47-71e7-43dd-9523-c9ee1fcdc3bb	false	require.password.update.after.registration
75c4e6c1-7d58-435f-bb8e-cd18c5183180	missing	update.profile.on.first.login
\.


--
-- Data for Name: broker_link; Type: TABLE DATA; Schema: public; Owner: keycloak
--

COPY public.broker_link (identity_provider, storage_provider_id, realm_id, broker_user_id, broker_username, token, user_id) FROM stdin;
\.


--
-- Data for Name: client; Type: TABLE DATA; Schema: public; Owner: keycloak
--

COPY public.client (id, enabled, full_scope_allowed, client_id, not_before, public_client, secret, base_url, bearer_only, management_url, surrogate_auth_required, realm_id, protocol, node_rereg_timeout, frontchannel_logout, consent_required, name, service_accounts_enabled, client_authenticator_type, root_url, description, registration_token, standard_flow_enabled, implicit_flow_enabled, direct_access_grants_enabled, always_display_in_console) FROM stdin;
132571df-6d24-4658-b2eb-d230a357820c	t	f	master-realm	0	f	\N	\N	t	\N	f	c4049252-49df-41a9-aef7-48d83ef55b9b	\N	0	f	f	master Realm	f	client-secret	\N	\N	\N	t	f	f	f
e8c97b5e-b4e6-4ea7-b704-fb17a003cd6a	t	f	account	0	t	\N	/realms/master/account/	f	\N	f	c4049252-49df-41a9-aef7-48d83ef55b9b	openid-connect	0	f	f	${client_account}	f	client-secret	${authBaseUrl}	\N	\N	t	f	f	f
1edb53f6-3936-46c8-8329-4c694730bebb	t	f	account-console	0	t	\N	/realms/master/account/	f	\N	f	c4049252-49df-41a9-aef7-48d83ef55b9b	openid-connect	0	f	f	${client_account-console}	f	client-secret	${authBaseUrl}	\N	\N	t	f	f	f
d5552f1a-d891-405a-a414-9da39d032cd1	t	f	broker	0	f	\N	\N	t	\N	f	c4049252-49df-41a9-aef7-48d83ef55b9b	openid-connect	0	f	f	${client_broker}	f	client-secret	\N	\N	\N	t	f	f	f
5edf2eb5-b5b0-4498-9670-afad3c6058bd	t	f	security-admin-console	0	t	\N	/admin/master/console/	f	\N	f	c4049252-49df-41a9-aef7-48d83ef55b9b	openid-connect	0	f	f	${client_security-admin-console}	f	client-secret	${authAdminUrl}	\N	\N	t	f	f	f
bb68da0e-abf3-47dd-9db9-4ffe414d888f	t	f	admin-cli	0	t	\N	\N	f	\N	f	c4049252-49df-41a9-aef7-48d83ef55b9b	openid-connect	0	f	f	${client_admin-cli}	f	client-secret	\N	\N	\N	f	f	t	f
0405a18f-edff-4184-970f-71159d064fe0	t	f	ourboard-realm	0	f	\N	\N	t	\N	f	c4049252-49df-41a9-aef7-48d83ef55b9b	\N	0	f	f	ourboard Realm	f	client-secret	\N	\N	\N	t	f	f	f
24d6127f-a63c-4a42-a9db-de9e4ea85d09	t	f	realm-management	0	f	\N	\N	t	\N	f	144c0b69-8ccd-41f8-8b1c-ae9ff24bac0a	openid-connect	0	f	f	${client_realm-management}	f	client-secret	\N	\N	\N	t	f	f	f
c49b94f0-f612-4dc8-816e-1fa9f0409a97	t	f	account	0	t	\N	/realms/ourboard/account/	f	\N	f	144c0b69-8ccd-41f8-8b1c-ae9ff24bac0a	openid-connect	0	f	f	${client_account}	f	client-secret	${authBaseUrl}	\N	\N	t	f	f	f
88d1b5bf-8de3-4650-ab47-03e482718370	t	f	account-console	0	t	\N	/realms/ourboard/account/	f	\N	f	144c0b69-8ccd-41f8-8b1c-ae9ff24bac0a	openid-connect	0	f	f	${client_account-console}	f	client-secret	${authBaseUrl}	\N	\N	t	f	f	f
c498c5a3-6c1b-415c-8c9e-f0eedccf567d	t	f	broker	0	f	\N	\N	t	\N	f	144c0b69-8ccd-41f8-8b1c-ae9ff24bac0a	openid-connect	0	f	f	${client_broker}	f	client-secret	\N	\N	\N	t	f	f	f
8322058b-b4d7-4556-9d03-b35b959fedfe	t	f	security-admin-console	0	t	\N	/admin/ourboard/console/	f	\N	f	144c0b69-8ccd-41f8-8b1c-ae9ff24bac0a	openid-connect	0	f	f	${client_security-admin-console}	f	client-secret	${authAdminUrl}	\N	\N	t	f	f	f
f707c508-e165-47bb-98de-5ea44681811c	t	f	admin-cli	0	t	\N	\N	f	\N	f	144c0b69-8ccd-41f8-8b1c-ae9ff24bac0a	openid-connect	0	f	f	${client_admin-cli}	f	client-secret	\N	\N	\N	f	f	t	f
ed37d3b3-4644-4240-80c5-81954eb2cb6c	t	t	ourboard	0	f	S2qHjCg12IDxz89Lffo49NQ19ooWCUwF		f	http://localhost:1337	f	144c0b69-8ccd-41f8-8b1c-ae9ff24bac0a	openid-connect	-1	t	f		f	client-secret	http://localhost:1337		\N	t	f	f	f
\.


--
-- Data for Name: client_attributes; Type: TABLE DATA; Schema: public; Owner: keycloak
--

COPY public.client_attributes (client_id, name, value) FROM stdin;
e8c97b5e-b4e6-4ea7-b704-fb17a003cd6a	post.logout.redirect.uris	+
1edb53f6-3936-46c8-8329-4c694730bebb	post.logout.redirect.uris	+
1edb53f6-3936-46c8-8329-4c694730bebb	pkce.code.challenge.method	S256
5edf2eb5-b5b0-4498-9670-afad3c6058bd	post.logout.redirect.uris	+
5edf2eb5-b5b0-4498-9670-afad3c6058bd	pkce.code.challenge.method	S256
c49b94f0-f612-4dc8-816e-1fa9f0409a97	post.logout.redirect.uris	+
88d1b5bf-8de3-4650-ab47-03e482718370	post.logout.redirect.uris	+
88d1b5bf-8de3-4650-ab47-03e482718370	pkce.code.challenge.method	S256
8322058b-b4d7-4556-9d03-b35b959fedfe	post.logout.redirect.uris	+
8322058b-b4d7-4556-9d03-b35b959fedfe	pkce.code.challenge.method	S256
ed37d3b3-4644-4240-80c5-81954eb2cb6c	client.secret.creation.time	1698594787
ed37d3b3-4644-4240-80c5-81954eb2cb6c	oauth2.device.authorization.grant.enabled	false
ed37d3b3-4644-4240-80c5-81954eb2cb6c	oidc.ciba.grant.enabled	false
ed37d3b3-4644-4240-80c5-81954eb2cb6c	backchannel.logout.session.required	true
ed37d3b3-4644-4240-80c5-81954eb2cb6c	backchannel.logout.revoke.offline.tokens	false
\.


--
-- Data for Name: client_auth_flow_bindings; Type: TABLE DATA; Schema: public; Owner: keycloak
--

COPY public.client_auth_flow_bindings (client_id, flow_id, binding_name) FROM stdin;
\.


--
-- Data for Name: client_initial_access; Type: TABLE DATA; Schema: public; Owner: keycloak
--

COPY public.client_initial_access (id, realm_id, "timestamp", expiration, count, remaining_count) FROM stdin;
\.


--
-- Data for Name: client_node_registrations; Type: TABLE DATA; Schema: public; Owner: keycloak
--

COPY public.client_node_registrations (client_id, value, name) FROM stdin;
\.


--
-- Data for Name: client_scope; Type: TABLE DATA; Schema: public; Owner: keycloak
--

COPY public.client_scope (id, name, realm_id, description, protocol) FROM stdin;
0a22b80a-3a76-4f77-bd61-57f3cadd2be9	offline_access	c4049252-49df-41a9-aef7-48d83ef55b9b	OpenID Connect built-in scope: offline_access	openid-connect
5cdc5c81-7fb6-4f44-8700-a7c3adff5f88	role_list	c4049252-49df-41a9-aef7-48d83ef55b9b	SAML role list	saml
8a0c40eb-d40d-4251-9b2d-76e3237c6607	profile	c4049252-49df-41a9-aef7-48d83ef55b9b	OpenID Connect built-in scope: profile	openid-connect
3d28a2fb-9ad1-4ca7-90c8-c33e99daa777	email	c4049252-49df-41a9-aef7-48d83ef55b9b	OpenID Connect built-in scope: email	openid-connect
f298579b-7724-4565-af9c-6efdd6082860	address	c4049252-49df-41a9-aef7-48d83ef55b9b	OpenID Connect built-in scope: address	openid-connect
a2686296-d3ad-4bf6-89ea-43721a012e03	phone	c4049252-49df-41a9-aef7-48d83ef55b9b	OpenID Connect built-in scope: phone	openid-connect
96380d5b-e4a3-4735-8e58-2bceadd99129	roles	c4049252-49df-41a9-aef7-48d83ef55b9b	OpenID Connect scope for add user roles to the access token	openid-connect
dab6c561-22d3-4db8-8fc3-8903df2c82ed	web-origins	c4049252-49df-41a9-aef7-48d83ef55b9b	OpenID Connect scope for add allowed web origins to the access token	openid-connect
246a65b1-ff00-4e73-beb6-a25f394e2e47	microprofile-jwt	c4049252-49df-41a9-aef7-48d83ef55b9b	Microprofile - JWT built-in scope	openid-connect
b1ddd251-07ac-4998-b90c-dd8d6a349d31	acr	c4049252-49df-41a9-aef7-48d83ef55b9b	OpenID Connect scope for add acr (authentication context class reference) to the token	openid-connect
9cedb86c-28d0-42b5-945f-e0f11a78c5e3	offline_access	144c0b69-8ccd-41f8-8b1c-ae9ff24bac0a	OpenID Connect built-in scope: offline_access	openid-connect
b43942d2-5391-4b9c-ad0f-d6661bd9937d	role_list	144c0b69-8ccd-41f8-8b1c-ae9ff24bac0a	SAML role list	saml
0eaf6d7e-2d08-47d1-8894-52d185c66ff3	profile	144c0b69-8ccd-41f8-8b1c-ae9ff24bac0a	OpenID Connect built-in scope: profile	openid-connect
2b788c09-2a4a-4b8b-9cdd-22160e1456ba	email	144c0b69-8ccd-41f8-8b1c-ae9ff24bac0a	OpenID Connect built-in scope: email	openid-connect
9b2dad39-8598-4b0b-b6a5-0d1a7773e6d1	address	144c0b69-8ccd-41f8-8b1c-ae9ff24bac0a	OpenID Connect built-in scope: address	openid-connect
8074c632-a4ac-4680-a066-261a3cf0c641	phone	144c0b69-8ccd-41f8-8b1c-ae9ff24bac0a	OpenID Connect built-in scope: phone	openid-connect
2c3494c0-4620-4a38-85e1-b5a21f7d89fa	roles	144c0b69-8ccd-41f8-8b1c-ae9ff24bac0a	OpenID Connect scope for add user roles to the access token	openid-connect
1719ac57-9b55-456f-a72d-ef7310fc6e18	web-origins	144c0b69-8ccd-41f8-8b1c-ae9ff24bac0a	OpenID Connect scope for add allowed web origins to the access token	openid-connect
0943b915-e341-4e62-8b3f-2fb952439ba8	microprofile-jwt	144c0b69-8ccd-41f8-8b1c-ae9ff24bac0a	Microprofile - JWT built-in scope	openid-connect
797314fe-1913-40f4-8efb-44123269c71f	acr	144c0b69-8ccd-41f8-8b1c-ae9ff24bac0a	OpenID Connect scope for add acr (authentication context class reference) to the token	openid-connect
\.


--
-- Data for Name: client_scope_attributes; Type: TABLE DATA; Schema: public; Owner: keycloak
--

COPY public.client_scope_attributes (scope_id, value, name) FROM stdin;
0a22b80a-3a76-4f77-bd61-57f3cadd2be9	true	display.on.consent.screen
0a22b80a-3a76-4f77-bd61-57f3cadd2be9	${offlineAccessScopeConsentText}	consent.screen.text
5cdc5c81-7fb6-4f44-8700-a7c3adff5f88	true	display.on.consent.screen
5cdc5c81-7fb6-4f44-8700-a7c3adff5f88	${samlRoleListScopeConsentText}	consent.screen.text
8a0c40eb-d40d-4251-9b2d-76e3237c6607	true	display.on.consent.screen
8a0c40eb-d40d-4251-9b2d-76e3237c6607	${profileScopeConsentText}	consent.screen.text
8a0c40eb-d40d-4251-9b2d-76e3237c6607	true	include.in.token.scope
3d28a2fb-9ad1-4ca7-90c8-c33e99daa777	true	display.on.consent.screen
3d28a2fb-9ad1-4ca7-90c8-c33e99daa777	${emailScopeConsentText}	consent.screen.text
3d28a2fb-9ad1-4ca7-90c8-c33e99daa777	true	include.in.token.scope
f298579b-7724-4565-af9c-6efdd6082860	true	display.on.consent.screen
f298579b-7724-4565-af9c-6efdd6082860	${addressScopeConsentText}	consent.screen.text
f298579b-7724-4565-af9c-6efdd6082860	true	include.in.token.scope
a2686296-d3ad-4bf6-89ea-43721a012e03	true	display.on.consent.screen
a2686296-d3ad-4bf6-89ea-43721a012e03	${phoneScopeConsentText}	consent.screen.text
a2686296-d3ad-4bf6-89ea-43721a012e03	true	include.in.token.scope
96380d5b-e4a3-4735-8e58-2bceadd99129	true	display.on.consent.screen
96380d5b-e4a3-4735-8e58-2bceadd99129	${rolesScopeConsentText}	consent.screen.text
96380d5b-e4a3-4735-8e58-2bceadd99129	false	include.in.token.scope
dab6c561-22d3-4db8-8fc3-8903df2c82ed	false	display.on.consent.screen
dab6c561-22d3-4db8-8fc3-8903df2c82ed		consent.screen.text
dab6c561-22d3-4db8-8fc3-8903df2c82ed	false	include.in.token.scope
246a65b1-ff00-4e73-beb6-a25f394e2e47	false	display.on.consent.screen
246a65b1-ff00-4e73-beb6-a25f394e2e47	true	include.in.token.scope
b1ddd251-07ac-4998-b90c-dd8d6a349d31	false	display.on.consent.screen
b1ddd251-07ac-4998-b90c-dd8d6a349d31	false	include.in.token.scope
9cedb86c-28d0-42b5-945f-e0f11a78c5e3	true	display.on.consent.screen
9cedb86c-28d0-42b5-945f-e0f11a78c5e3	${offlineAccessScopeConsentText}	consent.screen.text
b43942d2-5391-4b9c-ad0f-d6661bd9937d	true	display.on.consent.screen
b43942d2-5391-4b9c-ad0f-d6661bd9937d	${samlRoleListScopeConsentText}	consent.screen.text
0eaf6d7e-2d08-47d1-8894-52d185c66ff3	true	display.on.consent.screen
0eaf6d7e-2d08-47d1-8894-52d185c66ff3	${profileScopeConsentText}	consent.screen.text
0eaf6d7e-2d08-47d1-8894-52d185c66ff3	true	include.in.token.scope
2b788c09-2a4a-4b8b-9cdd-22160e1456ba	true	display.on.consent.screen
2b788c09-2a4a-4b8b-9cdd-22160e1456ba	${emailScopeConsentText}	consent.screen.text
2b788c09-2a4a-4b8b-9cdd-22160e1456ba	true	include.in.token.scope
9b2dad39-8598-4b0b-b6a5-0d1a7773e6d1	true	display.on.consent.screen
9b2dad39-8598-4b0b-b6a5-0d1a7773e6d1	${addressScopeConsentText}	consent.screen.text
9b2dad39-8598-4b0b-b6a5-0d1a7773e6d1	true	include.in.token.scope
8074c632-a4ac-4680-a066-261a3cf0c641	true	display.on.consent.screen
8074c632-a4ac-4680-a066-261a3cf0c641	${phoneScopeConsentText}	consent.screen.text
8074c632-a4ac-4680-a066-261a3cf0c641	true	include.in.token.scope
2c3494c0-4620-4a38-85e1-b5a21f7d89fa	true	display.on.consent.screen
2c3494c0-4620-4a38-85e1-b5a21f7d89fa	${rolesScopeConsentText}	consent.screen.text
2c3494c0-4620-4a38-85e1-b5a21f7d89fa	false	include.in.token.scope
1719ac57-9b55-456f-a72d-ef7310fc6e18	false	display.on.consent.screen
1719ac57-9b55-456f-a72d-ef7310fc6e18		consent.screen.text
1719ac57-9b55-456f-a72d-ef7310fc6e18	false	include.in.token.scope
0943b915-e341-4e62-8b3f-2fb952439ba8	false	display.on.consent.screen
0943b915-e341-4e62-8b3f-2fb952439ba8	true	include.in.token.scope
797314fe-1913-40f4-8efb-44123269c71f	false	display.on.consent.screen
797314fe-1913-40f4-8efb-44123269c71f	false	include.in.token.scope
\.


--
-- Data for Name: client_scope_client; Type: TABLE DATA; Schema: public; Owner: keycloak
--

COPY public.client_scope_client (client_id, scope_id, default_scope) FROM stdin;
e8c97b5e-b4e6-4ea7-b704-fb17a003cd6a	b1ddd251-07ac-4998-b90c-dd8d6a349d31	t
e8c97b5e-b4e6-4ea7-b704-fb17a003cd6a	3d28a2fb-9ad1-4ca7-90c8-c33e99daa777	t
e8c97b5e-b4e6-4ea7-b704-fb17a003cd6a	96380d5b-e4a3-4735-8e58-2bceadd99129	t
e8c97b5e-b4e6-4ea7-b704-fb17a003cd6a	dab6c561-22d3-4db8-8fc3-8903df2c82ed	t
e8c97b5e-b4e6-4ea7-b704-fb17a003cd6a	8a0c40eb-d40d-4251-9b2d-76e3237c6607	t
e8c97b5e-b4e6-4ea7-b704-fb17a003cd6a	0a22b80a-3a76-4f77-bd61-57f3cadd2be9	f
e8c97b5e-b4e6-4ea7-b704-fb17a003cd6a	f298579b-7724-4565-af9c-6efdd6082860	f
e8c97b5e-b4e6-4ea7-b704-fb17a003cd6a	a2686296-d3ad-4bf6-89ea-43721a012e03	f
e8c97b5e-b4e6-4ea7-b704-fb17a003cd6a	246a65b1-ff00-4e73-beb6-a25f394e2e47	f
1edb53f6-3936-46c8-8329-4c694730bebb	b1ddd251-07ac-4998-b90c-dd8d6a349d31	t
1edb53f6-3936-46c8-8329-4c694730bebb	3d28a2fb-9ad1-4ca7-90c8-c33e99daa777	t
1edb53f6-3936-46c8-8329-4c694730bebb	96380d5b-e4a3-4735-8e58-2bceadd99129	t
1edb53f6-3936-46c8-8329-4c694730bebb	dab6c561-22d3-4db8-8fc3-8903df2c82ed	t
1edb53f6-3936-46c8-8329-4c694730bebb	8a0c40eb-d40d-4251-9b2d-76e3237c6607	t
1edb53f6-3936-46c8-8329-4c694730bebb	0a22b80a-3a76-4f77-bd61-57f3cadd2be9	f
1edb53f6-3936-46c8-8329-4c694730bebb	f298579b-7724-4565-af9c-6efdd6082860	f
1edb53f6-3936-46c8-8329-4c694730bebb	a2686296-d3ad-4bf6-89ea-43721a012e03	f
1edb53f6-3936-46c8-8329-4c694730bebb	246a65b1-ff00-4e73-beb6-a25f394e2e47	f
bb68da0e-abf3-47dd-9db9-4ffe414d888f	b1ddd251-07ac-4998-b90c-dd8d6a349d31	t
bb68da0e-abf3-47dd-9db9-4ffe414d888f	3d28a2fb-9ad1-4ca7-90c8-c33e99daa777	t
bb68da0e-abf3-47dd-9db9-4ffe414d888f	96380d5b-e4a3-4735-8e58-2bceadd99129	t
bb68da0e-abf3-47dd-9db9-4ffe414d888f	dab6c561-22d3-4db8-8fc3-8903df2c82ed	t
bb68da0e-abf3-47dd-9db9-4ffe414d888f	8a0c40eb-d40d-4251-9b2d-76e3237c6607	t
bb68da0e-abf3-47dd-9db9-4ffe414d888f	0a22b80a-3a76-4f77-bd61-57f3cadd2be9	f
bb68da0e-abf3-47dd-9db9-4ffe414d888f	f298579b-7724-4565-af9c-6efdd6082860	f
bb68da0e-abf3-47dd-9db9-4ffe414d888f	a2686296-d3ad-4bf6-89ea-43721a012e03	f
bb68da0e-abf3-47dd-9db9-4ffe414d888f	246a65b1-ff00-4e73-beb6-a25f394e2e47	f
d5552f1a-d891-405a-a414-9da39d032cd1	b1ddd251-07ac-4998-b90c-dd8d6a349d31	t
d5552f1a-d891-405a-a414-9da39d032cd1	3d28a2fb-9ad1-4ca7-90c8-c33e99daa777	t
d5552f1a-d891-405a-a414-9da39d032cd1	96380d5b-e4a3-4735-8e58-2bceadd99129	t
d5552f1a-d891-405a-a414-9da39d032cd1	dab6c561-22d3-4db8-8fc3-8903df2c82ed	t
d5552f1a-d891-405a-a414-9da39d032cd1	8a0c40eb-d40d-4251-9b2d-76e3237c6607	t
d5552f1a-d891-405a-a414-9da39d032cd1	0a22b80a-3a76-4f77-bd61-57f3cadd2be9	f
d5552f1a-d891-405a-a414-9da39d032cd1	f298579b-7724-4565-af9c-6efdd6082860	f
d5552f1a-d891-405a-a414-9da39d032cd1	a2686296-d3ad-4bf6-89ea-43721a012e03	f
d5552f1a-d891-405a-a414-9da39d032cd1	246a65b1-ff00-4e73-beb6-a25f394e2e47	f
132571df-6d24-4658-b2eb-d230a357820c	b1ddd251-07ac-4998-b90c-dd8d6a349d31	t
132571df-6d24-4658-b2eb-d230a357820c	3d28a2fb-9ad1-4ca7-90c8-c33e99daa777	t
132571df-6d24-4658-b2eb-d230a357820c	96380d5b-e4a3-4735-8e58-2bceadd99129	t
132571df-6d24-4658-b2eb-d230a357820c	dab6c561-22d3-4db8-8fc3-8903df2c82ed	t
132571df-6d24-4658-b2eb-d230a357820c	8a0c40eb-d40d-4251-9b2d-76e3237c6607	t
132571df-6d24-4658-b2eb-d230a357820c	0a22b80a-3a76-4f77-bd61-57f3cadd2be9	f
132571df-6d24-4658-b2eb-d230a357820c	f298579b-7724-4565-af9c-6efdd6082860	f
132571df-6d24-4658-b2eb-d230a357820c	a2686296-d3ad-4bf6-89ea-43721a012e03	f
132571df-6d24-4658-b2eb-d230a357820c	246a65b1-ff00-4e73-beb6-a25f394e2e47	f
5edf2eb5-b5b0-4498-9670-afad3c6058bd	b1ddd251-07ac-4998-b90c-dd8d6a349d31	t
5edf2eb5-b5b0-4498-9670-afad3c6058bd	3d28a2fb-9ad1-4ca7-90c8-c33e99daa777	t
5edf2eb5-b5b0-4498-9670-afad3c6058bd	96380d5b-e4a3-4735-8e58-2bceadd99129	t
5edf2eb5-b5b0-4498-9670-afad3c6058bd	dab6c561-22d3-4db8-8fc3-8903df2c82ed	t
5edf2eb5-b5b0-4498-9670-afad3c6058bd	8a0c40eb-d40d-4251-9b2d-76e3237c6607	t
5edf2eb5-b5b0-4498-9670-afad3c6058bd	0a22b80a-3a76-4f77-bd61-57f3cadd2be9	f
5edf2eb5-b5b0-4498-9670-afad3c6058bd	f298579b-7724-4565-af9c-6efdd6082860	f
5edf2eb5-b5b0-4498-9670-afad3c6058bd	a2686296-d3ad-4bf6-89ea-43721a012e03	f
5edf2eb5-b5b0-4498-9670-afad3c6058bd	246a65b1-ff00-4e73-beb6-a25f394e2e47	f
c49b94f0-f612-4dc8-816e-1fa9f0409a97	2b788c09-2a4a-4b8b-9cdd-22160e1456ba	t
c49b94f0-f612-4dc8-816e-1fa9f0409a97	2c3494c0-4620-4a38-85e1-b5a21f7d89fa	t
c49b94f0-f612-4dc8-816e-1fa9f0409a97	1719ac57-9b55-456f-a72d-ef7310fc6e18	t
c49b94f0-f612-4dc8-816e-1fa9f0409a97	797314fe-1913-40f4-8efb-44123269c71f	t
c49b94f0-f612-4dc8-816e-1fa9f0409a97	0eaf6d7e-2d08-47d1-8894-52d185c66ff3	t
c49b94f0-f612-4dc8-816e-1fa9f0409a97	0943b915-e341-4e62-8b3f-2fb952439ba8	f
c49b94f0-f612-4dc8-816e-1fa9f0409a97	8074c632-a4ac-4680-a066-261a3cf0c641	f
c49b94f0-f612-4dc8-816e-1fa9f0409a97	9b2dad39-8598-4b0b-b6a5-0d1a7773e6d1	f
c49b94f0-f612-4dc8-816e-1fa9f0409a97	9cedb86c-28d0-42b5-945f-e0f11a78c5e3	f
88d1b5bf-8de3-4650-ab47-03e482718370	2b788c09-2a4a-4b8b-9cdd-22160e1456ba	t
88d1b5bf-8de3-4650-ab47-03e482718370	2c3494c0-4620-4a38-85e1-b5a21f7d89fa	t
88d1b5bf-8de3-4650-ab47-03e482718370	1719ac57-9b55-456f-a72d-ef7310fc6e18	t
88d1b5bf-8de3-4650-ab47-03e482718370	797314fe-1913-40f4-8efb-44123269c71f	t
88d1b5bf-8de3-4650-ab47-03e482718370	0eaf6d7e-2d08-47d1-8894-52d185c66ff3	t
88d1b5bf-8de3-4650-ab47-03e482718370	0943b915-e341-4e62-8b3f-2fb952439ba8	f
88d1b5bf-8de3-4650-ab47-03e482718370	8074c632-a4ac-4680-a066-261a3cf0c641	f
88d1b5bf-8de3-4650-ab47-03e482718370	9b2dad39-8598-4b0b-b6a5-0d1a7773e6d1	f
88d1b5bf-8de3-4650-ab47-03e482718370	9cedb86c-28d0-42b5-945f-e0f11a78c5e3	f
f707c508-e165-47bb-98de-5ea44681811c	2b788c09-2a4a-4b8b-9cdd-22160e1456ba	t
f707c508-e165-47bb-98de-5ea44681811c	2c3494c0-4620-4a38-85e1-b5a21f7d89fa	t
f707c508-e165-47bb-98de-5ea44681811c	1719ac57-9b55-456f-a72d-ef7310fc6e18	t
f707c508-e165-47bb-98de-5ea44681811c	797314fe-1913-40f4-8efb-44123269c71f	t
f707c508-e165-47bb-98de-5ea44681811c	0eaf6d7e-2d08-47d1-8894-52d185c66ff3	t
f707c508-e165-47bb-98de-5ea44681811c	0943b915-e341-4e62-8b3f-2fb952439ba8	f
f707c508-e165-47bb-98de-5ea44681811c	8074c632-a4ac-4680-a066-261a3cf0c641	f
f707c508-e165-47bb-98de-5ea44681811c	9b2dad39-8598-4b0b-b6a5-0d1a7773e6d1	f
f707c508-e165-47bb-98de-5ea44681811c	9cedb86c-28d0-42b5-945f-e0f11a78c5e3	f
c498c5a3-6c1b-415c-8c9e-f0eedccf567d	2b788c09-2a4a-4b8b-9cdd-22160e1456ba	t
c498c5a3-6c1b-415c-8c9e-f0eedccf567d	2c3494c0-4620-4a38-85e1-b5a21f7d89fa	t
c498c5a3-6c1b-415c-8c9e-f0eedccf567d	1719ac57-9b55-456f-a72d-ef7310fc6e18	t
c498c5a3-6c1b-415c-8c9e-f0eedccf567d	797314fe-1913-40f4-8efb-44123269c71f	t
c498c5a3-6c1b-415c-8c9e-f0eedccf567d	0eaf6d7e-2d08-47d1-8894-52d185c66ff3	t
c498c5a3-6c1b-415c-8c9e-f0eedccf567d	0943b915-e341-4e62-8b3f-2fb952439ba8	f
c498c5a3-6c1b-415c-8c9e-f0eedccf567d	8074c632-a4ac-4680-a066-261a3cf0c641	f
c498c5a3-6c1b-415c-8c9e-f0eedccf567d	9b2dad39-8598-4b0b-b6a5-0d1a7773e6d1	f
c498c5a3-6c1b-415c-8c9e-f0eedccf567d	9cedb86c-28d0-42b5-945f-e0f11a78c5e3	f
24d6127f-a63c-4a42-a9db-de9e4ea85d09	2b788c09-2a4a-4b8b-9cdd-22160e1456ba	t
24d6127f-a63c-4a42-a9db-de9e4ea85d09	2c3494c0-4620-4a38-85e1-b5a21f7d89fa	t
24d6127f-a63c-4a42-a9db-de9e4ea85d09	1719ac57-9b55-456f-a72d-ef7310fc6e18	t
24d6127f-a63c-4a42-a9db-de9e4ea85d09	797314fe-1913-40f4-8efb-44123269c71f	t
24d6127f-a63c-4a42-a9db-de9e4ea85d09	0eaf6d7e-2d08-47d1-8894-52d185c66ff3	t
24d6127f-a63c-4a42-a9db-de9e4ea85d09	0943b915-e341-4e62-8b3f-2fb952439ba8	f
24d6127f-a63c-4a42-a9db-de9e4ea85d09	8074c632-a4ac-4680-a066-261a3cf0c641	f
24d6127f-a63c-4a42-a9db-de9e4ea85d09	9b2dad39-8598-4b0b-b6a5-0d1a7773e6d1	f
24d6127f-a63c-4a42-a9db-de9e4ea85d09	9cedb86c-28d0-42b5-945f-e0f11a78c5e3	f
8322058b-b4d7-4556-9d03-b35b959fedfe	2b788c09-2a4a-4b8b-9cdd-22160e1456ba	t
8322058b-b4d7-4556-9d03-b35b959fedfe	2c3494c0-4620-4a38-85e1-b5a21f7d89fa	t
8322058b-b4d7-4556-9d03-b35b959fedfe	1719ac57-9b55-456f-a72d-ef7310fc6e18	t
8322058b-b4d7-4556-9d03-b35b959fedfe	797314fe-1913-40f4-8efb-44123269c71f	t
8322058b-b4d7-4556-9d03-b35b959fedfe	0eaf6d7e-2d08-47d1-8894-52d185c66ff3	t
8322058b-b4d7-4556-9d03-b35b959fedfe	0943b915-e341-4e62-8b3f-2fb952439ba8	f
8322058b-b4d7-4556-9d03-b35b959fedfe	8074c632-a4ac-4680-a066-261a3cf0c641	f
8322058b-b4d7-4556-9d03-b35b959fedfe	9b2dad39-8598-4b0b-b6a5-0d1a7773e6d1	f
8322058b-b4d7-4556-9d03-b35b959fedfe	9cedb86c-28d0-42b5-945f-e0f11a78c5e3	f
ed37d3b3-4644-4240-80c5-81954eb2cb6c	2b788c09-2a4a-4b8b-9cdd-22160e1456ba	t
ed37d3b3-4644-4240-80c5-81954eb2cb6c	2c3494c0-4620-4a38-85e1-b5a21f7d89fa	t
ed37d3b3-4644-4240-80c5-81954eb2cb6c	1719ac57-9b55-456f-a72d-ef7310fc6e18	t
ed37d3b3-4644-4240-80c5-81954eb2cb6c	797314fe-1913-40f4-8efb-44123269c71f	t
ed37d3b3-4644-4240-80c5-81954eb2cb6c	0eaf6d7e-2d08-47d1-8894-52d185c66ff3	t
ed37d3b3-4644-4240-80c5-81954eb2cb6c	0943b915-e341-4e62-8b3f-2fb952439ba8	f
ed37d3b3-4644-4240-80c5-81954eb2cb6c	8074c632-a4ac-4680-a066-261a3cf0c641	f
ed37d3b3-4644-4240-80c5-81954eb2cb6c	9b2dad39-8598-4b0b-b6a5-0d1a7773e6d1	f
ed37d3b3-4644-4240-80c5-81954eb2cb6c	9cedb86c-28d0-42b5-945f-e0f11a78c5e3	f
\.


--
-- Data for Name: client_scope_role_mapping; Type: TABLE DATA; Schema: public; Owner: keycloak
--

COPY public.client_scope_role_mapping (scope_id, role_id) FROM stdin;
0a22b80a-3a76-4f77-bd61-57f3cadd2be9	418f571e-3a36-4904-800a-c31d10ab4194
9cedb86c-28d0-42b5-945f-e0f11a78c5e3	e5ad2c92-6fec-46ff-ac4c-0c519483a403
\.


--
-- Data for Name: client_session; Type: TABLE DATA; Schema: public; Owner: keycloak
--

COPY public.client_session (id, client_id, redirect_uri, state, "timestamp", session_id, auth_method, realm_id, auth_user_id, current_action) FROM stdin;
\.


--
-- Data for Name: client_session_auth_status; Type: TABLE DATA; Schema: public; Owner: keycloak
--

COPY public.client_session_auth_status (authenticator, status, client_session) FROM stdin;
\.


--
-- Data for Name: client_session_note; Type: TABLE DATA; Schema: public; Owner: keycloak
--

COPY public.client_session_note (name, value, client_session) FROM stdin;
\.


--
-- Data for Name: client_session_prot_mapper; Type: TABLE DATA; Schema: public; Owner: keycloak
--

COPY public.client_session_prot_mapper (protocol_mapper_id, client_session) FROM stdin;
\.


--
-- Data for Name: client_session_role; Type: TABLE DATA; Schema: public; Owner: keycloak
--

COPY public.client_session_role (role_id, client_session) FROM stdin;
\.


--
-- Data for Name: client_user_session_note; Type: TABLE DATA; Schema: public; Owner: keycloak
--

COPY public.client_user_session_note (name, value, client_session) FROM stdin;
\.


--
-- Data for Name: component; Type: TABLE DATA; Schema: public; Owner: keycloak
--

COPY public.component (id, name, parent_id, provider_id, provider_type, realm_id, sub_type) FROM stdin;
93fb966f-0806-40d0-8212-3006a7f86691	Trusted Hosts	c4049252-49df-41a9-aef7-48d83ef55b9b	trusted-hosts	org.keycloak.services.clientregistration.policy.ClientRegistrationPolicy	c4049252-49df-41a9-aef7-48d83ef55b9b	anonymous
7978439e-20cd-466f-81aa-736e7b0f6655	Consent Required	c4049252-49df-41a9-aef7-48d83ef55b9b	consent-required	org.keycloak.services.clientregistration.policy.ClientRegistrationPolicy	c4049252-49df-41a9-aef7-48d83ef55b9b	anonymous
13d55f48-07aa-45bf-9b76-64a62d45ac00	Full Scope Disabled	c4049252-49df-41a9-aef7-48d83ef55b9b	scope	org.keycloak.services.clientregistration.policy.ClientRegistrationPolicy	c4049252-49df-41a9-aef7-48d83ef55b9b	anonymous
0ec19092-12c0-40f4-9a74-40ea13444f2b	Max Clients Limit	c4049252-49df-41a9-aef7-48d83ef55b9b	max-clients	org.keycloak.services.clientregistration.policy.ClientRegistrationPolicy	c4049252-49df-41a9-aef7-48d83ef55b9b	anonymous
f5e2f9ef-67fb-47d8-aeba-e1d7bbc5c9c6	Allowed Protocol Mapper Types	c4049252-49df-41a9-aef7-48d83ef55b9b	allowed-protocol-mappers	org.keycloak.services.clientregistration.policy.ClientRegistrationPolicy	c4049252-49df-41a9-aef7-48d83ef55b9b	anonymous
0474fc03-c3a2-47d6-b8f8-c0242abf7277	Allowed Client Scopes	c4049252-49df-41a9-aef7-48d83ef55b9b	allowed-client-templates	org.keycloak.services.clientregistration.policy.ClientRegistrationPolicy	c4049252-49df-41a9-aef7-48d83ef55b9b	anonymous
eefab089-bcb3-4d02-b2fb-74177a5118f4	Allowed Protocol Mapper Types	c4049252-49df-41a9-aef7-48d83ef55b9b	allowed-protocol-mappers	org.keycloak.services.clientregistration.policy.ClientRegistrationPolicy	c4049252-49df-41a9-aef7-48d83ef55b9b	authenticated
3c23e554-56ba-4e97-ac92-7b26b27d9f44	Allowed Client Scopes	c4049252-49df-41a9-aef7-48d83ef55b9b	allowed-client-templates	org.keycloak.services.clientregistration.policy.ClientRegistrationPolicy	c4049252-49df-41a9-aef7-48d83ef55b9b	authenticated
81a8b0c4-001a-440b-9cc7-6ae00fee5cab	rsa-generated	c4049252-49df-41a9-aef7-48d83ef55b9b	rsa-generated	org.keycloak.keys.KeyProvider	c4049252-49df-41a9-aef7-48d83ef55b9b	\N
901a3f02-9c01-41b1-994c-ff98a945d8fb	rsa-enc-generated	c4049252-49df-41a9-aef7-48d83ef55b9b	rsa-enc-generated	org.keycloak.keys.KeyProvider	c4049252-49df-41a9-aef7-48d83ef55b9b	\N
f2c10a5d-ccfd-4871-a6b3-63d38dfdc07f	hmac-generated	c4049252-49df-41a9-aef7-48d83ef55b9b	hmac-generated	org.keycloak.keys.KeyProvider	c4049252-49df-41a9-aef7-48d83ef55b9b	\N
d47fbb5d-a6b1-4d79-aa5f-90ab251a8791	aes-generated	c4049252-49df-41a9-aef7-48d83ef55b9b	aes-generated	org.keycloak.keys.KeyProvider	c4049252-49df-41a9-aef7-48d83ef55b9b	\N
fdc0d5bc-0668-4fda-838d-73fb8240c295	rsa-generated	144c0b69-8ccd-41f8-8b1c-ae9ff24bac0a	rsa-generated	org.keycloak.keys.KeyProvider	144c0b69-8ccd-41f8-8b1c-ae9ff24bac0a	\N
bb53904f-cdd6-481b-9379-2aa79eae2100	rsa-enc-generated	144c0b69-8ccd-41f8-8b1c-ae9ff24bac0a	rsa-enc-generated	org.keycloak.keys.KeyProvider	144c0b69-8ccd-41f8-8b1c-ae9ff24bac0a	\N
58668ed5-7460-492e-8c0c-bae21e11aeae	hmac-generated	144c0b69-8ccd-41f8-8b1c-ae9ff24bac0a	hmac-generated	org.keycloak.keys.KeyProvider	144c0b69-8ccd-41f8-8b1c-ae9ff24bac0a	\N
1f84d56e-1fb0-4e65-9e2e-61bee1bb8b5f	aes-generated	144c0b69-8ccd-41f8-8b1c-ae9ff24bac0a	aes-generated	org.keycloak.keys.KeyProvider	144c0b69-8ccd-41f8-8b1c-ae9ff24bac0a	\N
8b8026ea-2fe2-48a4-92c7-8282d292f7b0	Trusted Hosts	144c0b69-8ccd-41f8-8b1c-ae9ff24bac0a	trusted-hosts	org.keycloak.services.clientregistration.policy.ClientRegistrationPolicy	144c0b69-8ccd-41f8-8b1c-ae9ff24bac0a	anonymous
7cf93bf0-7cd9-4617-8d6a-63c8486427aa	Consent Required	144c0b69-8ccd-41f8-8b1c-ae9ff24bac0a	consent-required	org.keycloak.services.clientregistration.policy.ClientRegistrationPolicy	144c0b69-8ccd-41f8-8b1c-ae9ff24bac0a	anonymous
d11f165f-d5da-467e-839d-d4a013de423e	Full Scope Disabled	144c0b69-8ccd-41f8-8b1c-ae9ff24bac0a	scope	org.keycloak.services.clientregistration.policy.ClientRegistrationPolicy	144c0b69-8ccd-41f8-8b1c-ae9ff24bac0a	anonymous
8fb797ed-1282-4850-b960-adfb28daf4a6	Max Clients Limit	144c0b69-8ccd-41f8-8b1c-ae9ff24bac0a	max-clients	org.keycloak.services.clientregistration.policy.ClientRegistrationPolicy	144c0b69-8ccd-41f8-8b1c-ae9ff24bac0a	anonymous
6d9d2d89-897a-427a-8b9c-04d0448419e5	Allowed Protocol Mapper Types	144c0b69-8ccd-41f8-8b1c-ae9ff24bac0a	allowed-protocol-mappers	org.keycloak.services.clientregistration.policy.ClientRegistrationPolicy	144c0b69-8ccd-41f8-8b1c-ae9ff24bac0a	anonymous
7a4f8643-ecb5-44c9-884b-40ce6c215bb1	Allowed Client Scopes	144c0b69-8ccd-41f8-8b1c-ae9ff24bac0a	allowed-client-templates	org.keycloak.services.clientregistration.policy.ClientRegistrationPolicy	144c0b69-8ccd-41f8-8b1c-ae9ff24bac0a	anonymous
94a0b3de-82e6-47fa-95f5-113b4c830202	Allowed Protocol Mapper Types	144c0b69-8ccd-41f8-8b1c-ae9ff24bac0a	allowed-protocol-mappers	org.keycloak.services.clientregistration.policy.ClientRegistrationPolicy	144c0b69-8ccd-41f8-8b1c-ae9ff24bac0a	authenticated
9853f82e-afb6-4537-ba7c-e1644b4dae3e	Allowed Client Scopes	144c0b69-8ccd-41f8-8b1c-ae9ff24bac0a	allowed-client-templates	org.keycloak.services.clientregistration.policy.ClientRegistrationPolicy	144c0b69-8ccd-41f8-8b1c-ae9ff24bac0a	authenticated
\.


--
-- Data for Name: component_config; Type: TABLE DATA; Schema: public; Owner: keycloak
--

COPY public.component_config (id, component_id, name, value) FROM stdin;
7d7f7f83-bad0-41b7-a246-37a62855e34d	93fb966f-0806-40d0-8212-3006a7f86691	host-sending-registration-request-must-match	true
7e2f13d2-eb94-4f7c-9796-8b2a76cd638d	93fb966f-0806-40d0-8212-3006a7f86691	client-uris-must-match	true
2c28ee8d-66f3-4c54-9a01-5b5909f882e2	0ec19092-12c0-40f4-9a74-40ea13444f2b	max-clients	200
5531eb57-7443-4ed9-9869-d58aa5810709	3c23e554-56ba-4e97-ac92-7b26b27d9f44	allow-default-scopes	true
1c08bdee-c2b8-4c72-a649-aa2490634450	0474fc03-c3a2-47d6-b8f8-c0242abf7277	allow-default-scopes	true
454b2940-5ede-4663-bcce-9ae2855b8226	f5e2f9ef-67fb-47d8-aeba-e1d7bbc5c9c6	allowed-protocol-mapper-types	oidc-usermodel-property-mapper
a23bf9ea-762a-41e2-a96e-e84c12faf29d	f5e2f9ef-67fb-47d8-aeba-e1d7bbc5c9c6	allowed-protocol-mapper-types	oidc-full-name-mapper
537fea15-7305-4222-856d-cf2b6279def3	f5e2f9ef-67fb-47d8-aeba-e1d7bbc5c9c6	allowed-protocol-mapper-types	saml-role-list-mapper
cf877816-cd3d-46eb-bf0f-c38f87262f55	f5e2f9ef-67fb-47d8-aeba-e1d7bbc5c9c6	allowed-protocol-mapper-types	oidc-sha256-pairwise-sub-mapper
98dcf3c1-14a8-4a2c-af20-fbc65b1af22c	f5e2f9ef-67fb-47d8-aeba-e1d7bbc5c9c6	allowed-protocol-mapper-types	oidc-usermodel-attribute-mapper
b2fb24d6-78e3-467b-89f6-892019e6356c	f5e2f9ef-67fb-47d8-aeba-e1d7bbc5c9c6	allowed-protocol-mapper-types	oidc-address-mapper
487e284c-f60b-4b91-8900-9c2871fbb541	f5e2f9ef-67fb-47d8-aeba-e1d7bbc5c9c6	allowed-protocol-mapper-types	saml-user-property-mapper
05056456-9dc7-4834-a1c0-8be3e8bb7378	f5e2f9ef-67fb-47d8-aeba-e1d7bbc5c9c6	allowed-protocol-mapper-types	saml-user-attribute-mapper
4a96dbcd-e0e2-4cb9-920d-63d873427b8a	eefab089-bcb3-4d02-b2fb-74177a5118f4	allowed-protocol-mapper-types	oidc-full-name-mapper
87caba6b-bc59-450b-ba0c-9b9947f50529	eefab089-bcb3-4d02-b2fb-74177a5118f4	allowed-protocol-mapper-types	saml-user-attribute-mapper
9d857cb2-620b-4e2b-8d72-eeae0d643b4a	eefab089-bcb3-4d02-b2fb-74177a5118f4	allowed-protocol-mapper-types	oidc-usermodel-property-mapper
c1e8d8b7-a9b5-4ec8-9722-5f5c7945d4c8	eefab089-bcb3-4d02-b2fb-74177a5118f4	allowed-protocol-mapper-types	oidc-sha256-pairwise-sub-mapper
14b9647e-12ae-4039-a42c-33beaeeecdd8	eefab089-bcb3-4d02-b2fb-74177a5118f4	allowed-protocol-mapper-types	oidc-address-mapper
9db3ec35-b66a-492a-9be8-097d5ae7546a	eefab089-bcb3-4d02-b2fb-74177a5118f4	allowed-protocol-mapper-types	oidc-usermodel-attribute-mapper
05dcce56-9931-4cd1-a3a8-8bfc9480a09f	eefab089-bcb3-4d02-b2fb-74177a5118f4	allowed-protocol-mapper-types	saml-role-list-mapper
88e6f33b-fae4-494c-b82c-401f1fa292fe	eefab089-bcb3-4d02-b2fb-74177a5118f4	allowed-protocol-mapper-types	saml-user-property-mapper
2419f695-1816-4123-8710-c3aa34b8eea9	d47fbb5d-a6b1-4d79-aa5f-90ab251a8791	kid	81898ba5-b00c-4177-8ea6-b534c587d320
87ac3386-d553-4e20-893f-0ff925fd0280	d47fbb5d-a6b1-4d79-aa5f-90ab251a8791	secret	MTuT38MLB3kpuwTtEjQ-tQ
e108b9e4-eb75-4fe8-b766-5b295a993171	d47fbb5d-a6b1-4d79-aa5f-90ab251a8791	priority	100
4d2faf29-823f-4a01-9537-6cd075eba00a	901a3f02-9c01-41b1-994c-ff98a945d8fb	keyUse	ENC
bf63c791-58b8-4596-adbf-03860cbbce0d	901a3f02-9c01-41b1-994c-ff98a945d8fb	certificate	MIICmzCCAYMCBgGLfBd2WDANBgkqhkiG9w0BAQsFADARMQ8wDQYDVQQDDAZtYXN0ZXIwHhcNMjMxMDI5MTUzODE0WhcNMzMxMDI5MTUzOTU0WjARMQ8wDQYDVQQDDAZtYXN0ZXIwggEiMA0GCSqGSIb3DQEBAQUAA4IBDwAwggEKAoIBAQCq9Im0MPPFZXA0HjeL2UaapXGQOvpOyJNgf6RQFQ4qzNECft0TW5mdUSbW7HBBL00PJjMQJsE9mmNawbhmSv06xECqV1IOK9p1hd9S6+ckGmq0zbGyS2p3GhUgqAfKulCobvjQcNADZjbHv12QXsLEWhOmsbqLQQIwVZl07aUMEs/mUOW9a9ELFVlZOPMw7JvOPR9YDco4JLxd3z/onAP9M9Oc0alYnTBuifubJ+D1m1e17MFWCGaE7ElzqYgFENc7j45SbdhPly4cmbmiLF3SIzafNn4yAa34eskfxamJRHGjZxFtWIR17wSyRdnQZk2ysWavOQuSng2QJ5efSEaHAgMBAAEwDQYJKoZIhvcNAQELBQADggEBAGPtpvAffi+zw0ema5mPuEqXOfFwk687YUgcJhmrZbbwJGg2ppso3kJSSesqOK41Jt37+mYE9bnzS5sKeBRszpUVzhzXLtoBEBAwFpm6UAPV+bjlWkvYvB4bydLy4VK7sHSxoCSLhZtHNnb9/03yPsIDMA4w6DRyz7DjPd1zZG/ioln+xgjSO57jbhZbFLbPo889jt1oByZHgD7wfsrrnxs8M3pfDpPaYFqQf6wfxQS0VMLi1gS9glOHs+aAJvpEQGMvGaXFfR3jdbxwG0vpQNCeOBU3VXfgxA845IfZWhMGRt5pc/0xOVX0Cu67d6YAvdY9bEqrXopq3Srv3CPyhRw=
d13657ed-9f90-4366-af97-d7476cd94ca3	901a3f02-9c01-41b1-994c-ff98a945d8fb	priority	100
b21fd4d3-a380-4625-b76a-6b1bb2ed9950	901a3f02-9c01-41b1-994c-ff98a945d8fb	privateKey	MIIEpAIBAAKCAQEAqvSJtDDzxWVwNB43i9lGmqVxkDr6TsiTYH+kUBUOKszRAn7dE1uZnVEm1uxwQS9NDyYzECbBPZpjWsG4Zkr9OsRAqldSDivadYXfUuvnJBpqtM2xsktqdxoVIKgHyrpQqG740HDQA2Y2x79dkF7CxFoTprG6i0ECMFWZdO2lDBLP5lDlvWvRCxVZWTjzMOybzj0fWA3KOCS8Xd8/6JwD/TPTnNGpWJ0wbon7myfg9ZtXtezBVghmhOxJc6mIBRDXO4+OUm3YT5cuHJm5oixd0iM2nzZ+MgGt+HrJH8WpiURxo2cRbViEde8EskXZ0GZNsrFmrzkLkp4NkCeXn0hGhwIDAQABAoIBABV9iSQANVy+rDS5CbWIWkJNgvGlIFswBqrOUOsKQo4p0ip0pTjuPmjSz0WcUl43YoIBhNDGdmtWkZ/Sk2o0ihHNou1m7bc/VwaIDjNf2V4l/fz9kJV/uoH/YuGIjfYzprkNvjSBwfxzaHaCvXHNH8HMKwU8+VzRDsPhttlGmIVkUQqsauDMnbGY5/sM26EUFOW1PtnZfClzKEHTjy9K4dkdkfl013TPEJWL53218oeSYCh/5rlmGhHyKFUtdjFpenY8ww7JUQ0+BYpyOKdUbFmNF55njTqIpoisumGvYhtPuXeRGNemcG+A9yGrfxQj+Q9qcWxEHYg2wJePy58fo7kCgYEA669FpkHDo30VhT/ss36qMTEzpGvL8zE5TDf1e89LaUZ2KSemyJblwMMJd1gFpz0qI/FmWqrKYEkiu+iBkCwiQKpZirFBbwpOPqna6dYEBfQx+3Y1DOwxP9AVJrZIkKd2q0efNZWS1q/NDp6zO0ayQFI0vQcDm9RuWFTGdIinhqkCgYEAubDqeq/kUjcFa1nbucVg8nFX1Jkv3Q6tnFXVmVCroVEp7G0YFMTumF93GaUkTMiWf7sjkIAOLASAEhfdJZtyj81Q4jlUUJSw9gVziGODyYzzYqueSEyrb2AGs+jCCl1Xm9c7897hGT5r9XdgkUffTO0IZ+Ic/OJ0un06WfuCEa8CgYEA5kEfP5WCZ8f9bWgNfTMjXNnfxSPXZilR/CezehkEaL6BFCX76H6byd4B8omZRFEaSXE++Rdgjf8FoyU85zhm4lxLDJeuAKjF1qylBcyjs5ll93D91TkvyFMnRuHRNRmWczGO1o/hnEK2iDD9k8y2uuZVRdODcAtzHnL8S79yQ7kCgYEAiuozQD09zdOjlj/PBRcIA9ePIVjIWdOVRZNhDCUxgKk7d8fVcBQzeoJQkzrcASU+kafqXzutXnivZtm7c1rrRXEPxW2mCfJywForqCjqemmb2oERFH1m8xcfbJAAOcjCta87BqICO+Ra13PLJmRiRSY+V5jsnrK7KJhugsqI77kCgYBSMmNJkUqag5+waS7xpCV5/3QQrZBJKeIlSj7TblDudn4DSoJpAMic+SCNDaAvvIkSp0gL+9BpWCcsgbhPSGR19zccPLiSH2QyAxOyfSWzi/Yz5nl6VGO2GP/F91nI5Jo14nkrE5VTAswtcunu1btLoIp23vzzPx9y2pebPCNtZA==
9b78a5b5-b6f6-4326-b734-a42abd74e035	901a3f02-9c01-41b1-994c-ff98a945d8fb	algorithm	RSA-OAEP
c9e37d91-4576-4448-8143-89c56e1a4192	81a8b0c4-001a-440b-9cc7-6ae00fee5cab	keyUse	SIG
c269d463-3b58-4f32-9b65-3d8f659460bc	81a8b0c4-001a-440b-9cc7-6ae00fee5cab	certificate	MIICmzCCAYMCBgGLfBd1yjANBgkqhkiG9w0BAQsFADARMQ8wDQYDVQQDDAZtYXN0ZXIwHhcNMjMxMDI5MTUzODE0WhcNMzMxMDI5MTUzOTU0WjARMQ8wDQYDVQQDDAZtYXN0ZXIwggEiMA0GCSqGSIb3DQEBAQUAA4IBDwAwggEKAoIBAQDbAM3oDQ7auBcT7c16bweYnfkUkGxOi44mAsvq6TF8erLAmnvV5Fdn9U9ZNHhsVwD5YaeugNy0NrEVE8wyjUSm6tyBbTGVpnqi+Q8VNKWIhlozvr+oKAa7hPzeRlUlsNV92X7trWp/kiBBNEI65jhQhGVIrvBGgO1j0e16DANFydzujDXlZRauOKSjP8j9JlXxXME+VILtCSOoI/DmuQC4LlqozB8Zd3wRLzFPGGgVUt0flUOBOoap9B9F0FbP6em3eibm0HJQ9MC5UdxI1KadXjqeMPGwJsUYOfeZCxpMVMxro4jhcqtlGEPiVnhZoZ86wlfztdbetu7/ywz4OcBnAgMBAAEwDQYJKoZIhvcNAQELBQADggEBAEEI3l/9akE4bNg9j9WrvkdcuyPjWd/nUFdIcCqqNRJIG6EmbUNBeYYJZILew3vvjBmCnlHwuKvstu514DaIaJw3auwCYc0ITQI/iOW53F/gShIUWTWq8YnCqwGd4TfOVxbsdrtBIWznJGmXZ3aZSabJtHdUxfp/F+XpiUD4o/kqDtW0q0+CI58CKO712PABwnd9O3N+KK8Btmu8/yCTsb5dz+mNg1EcX7F4hj1IyZ3lQ+6yUhX9o9ldK/Z/p1P41WBpkEpQKI7pXZBrRH2cFGZOEjQ4N3+B/i1e2SQXkfEh2myR7Cotfg0fPS07TtNCAsbrX9iES+AgS709JGfhtv0=
51c98b63-20fe-416d-877e-b61805d5b8f2	81a8b0c4-001a-440b-9cc7-6ae00fee5cab	privateKey	MIIEowIBAAKCAQEA2wDN6A0O2rgXE+3Nem8HmJ35FJBsTouOJgLL6ukxfHqywJp71eRXZ/VPWTR4bFcA+WGnroDctDaxFRPMMo1EpurcgW0xlaZ6ovkPFTSliIZaM76/qCgGu4T83kZVJbDVfdl+7a1qf5IgQTRCOuY4UIRlSK7wRoDtY9HtegwDRcnc7ow15WUWrjikoz/I/SZV8VzBPlSC7QkjqCPw5rkAuC5aqMwfGXd8ES8xTxhoFVLdH5VDgTqGqfQfRdBWz+npt3om5tByUPTAuVHcSNSmnV46njDxsCbFGDn3mQsaTFTMa6OI4XKrZRhD4lZ4WaGfOsJX87XW3rbu/8sM+DnAZwIDAQABAoIBAEnjrhUWXsYlqUekipi94Dq6ReENzzT6+dVSSTmzPuqIPUoldRWX6nOdPQ3UWbL38dCyBZCnUo+NClcZrGH77sdAY3BZhoq+tg7JaDDX5+e1qLZfq6tRAeB/wI8//JdwX7+Lw7ruMQnko/RL7PKRXTuxR7jrqQ6oji+JEw4EApCnKHiC0rmm26oIXbKloFEJRPQF6dWpRH6+Nwb+Viu/x2zV43vNt9htQF8LGlhxMwkKL+Dxrqh5f/wQjN/y2viNficYGDy2e1JSJI6NeRYWZD26FftWttinlQ/GHe4C3BMz+TKegm2kQFI/LRaq6Jmhd/61EUbE7etIluBiXFv3GrkCgYEA9kPSlTxbe3k6r6Ud1GfbGLjZ5ZkBrBEK3K+U5l8W84bz+haxPFtDdtE1+UMZo3gFM7BTtHsV2dXLDF8CYgNrJsU7mQbKLt1VMU5TN7uMIs88ulDgn3CK2ZNOB8FO3sxD5K7UpC1G952Q/7nMFxhWfvjYfv0kF+4Yg/kT2SodmjkCgYEA46kYVI96k+KoLlkxc9rUF+KWwv2A/HO0b/oH27D4wrYzLZGcUpB7V2VdK54g0vTZ67EyMx/SG/xA6bm90twhmWqFpiB1IYl/7nCFz4cOAk6ygOSyDVtif3pZYN5O3OGCUkY6JIkd9EXesnGDxZBMfZ+pvfdEc3fi+TZME7a6r58CgYAEqsBg56XsLx33mi94iQdT7pzihwXLFv+XsxQlUYQD1XjmMmvlcu1SYSCeurDPskSW+C596x8845pXf61x4hKzx2Ubv08xmCw3JP7avYkoV7kU5td67g0TloESEI3IFyLqQI3zFpCTvL60ufauMV3iRiEENxPqCC8awSupH+0zsQKBgQCA5AtSVKkhcQGmu/izjwDlRPP2EXAlfZx6iSRJzTgJhP4UnovSctph8JF/UFdlGBsIxZmWOD3MelSF/xLpfpfHM/fWximKgz5a0HnxtJTJ2aRWNSRZS5PIeIyBu1sK0uHlkrz4UmkTEzux63KfN8MWnH6NfqDSft2SGpuXzayEIQKBgAe2CPlGlfuHcvrhJ1xCbO/oddW5cuLrEEObxME+v57bdHM8jbRnRvKNqKmgazIgBn4A2IIcAwe6N7JlAQ8b97P1fhlzKBjWnOkIpaUBFoBndYoQSTIJ0+NJJFCHVcWzbgiR2hfLlKxl2SdNOS10bHfbgRY4iyZjlKzYhe2tRHBH
cfaa6f7c-5c4c-4247-90a6-63db00174750	81a8b0c4-001a-440b-9cc7-6ae00fee5cab	priority	100
b8205bdf-df19-4b59-b591-4f698629c89b	f2c10a5d-ccfd-4871-a6b3-63d38dfdc07f	algorithm	HS256
e66d0eb0-3df5-47ac-9893-93f9e620d4b4	f2c10a5d-ccfd-4871-a6b3-63d38dfdc07f	priority	100
cb9674d8-90d0-44c8-b68a-567aa2381796	f2c10a5d-ccfd-4871-a6b3-63d38dfdc07f	kid	3c87290b-572c-413e-85f8-f915611ab64d
59e799eb-3ce3-48d1-93ab-880eeb3e54ed	f2c10a5d-ccfd-4871-a6b3-63d38dfdc07f	secret	kV9LCO9ob8x1BfJBTko_TQVyNz6JYYKfQNI7h1lJTxMdR-gIzLxsosuNUeSmfyP5nancnVUwUufvH4rhfwG85A
efabd5b7-9120-4aff-b0ca-c1f0bd12e2ff	58668ed5-7460-492e-8c0c-bae21e11aeae	kid	1a5bbc15-ff6f-4c8e-b787-553186a10bf1
e974071b-f00b-4fcb-8921-32a0b2c208dd	58668ed5-7460-492e-8c0c-bae21e11aeae	algorithm	HS256
5248d868-95a7-41ab-9cc9-a07f0029b0ce	58668ed5-7460-492e-8c0c-bae21e11aeae	secret	UWp19a7p7ORAxnohi7wL7c5t-YI5EmSDKDx7ri2omGyeHrxqzTlnTwWejKtN-qtHQHHpcCN6qDe8FYP0t7Po0Q
7c25d28c-9ccd-436a-922f-bc43e3ffb193	58668ed5-7460-492e-8c0c-bae21e11aeae	priority	100
d240f4f9-dbcb-41c5-ae7c-0ce434dd4e8e	1f84d56e-1fb0-4e65-9e2e-61bee1bb8b5f	kid	6ee46ffa-821d-42c5-afbc-e3a37b5514a4
f314aa80-fff1-49be-baf2-3e532de318da	1f84d56e-1fb0-4e65-9e2e-61bee1bb8b5f	secret	IOMW2I5Jm8AM70W0LXv_Eg
abc8653b-2f67-4afb-8b36-774aa0885003	1f84d56e-1fb0-4e65-9e2e-61bee1bb8b5f	priority	100
c23ff207-71b0-4049-acc8-289cd8fea124	bb53904f-cdd6-481b-9379-2aa79eae2100	privateKey	MIIEowIBAAKCAQEAvJpZ4qRHaghc00mgcD7rad6uCla6BhHrQiaO3YdRaMGkTHl0YwgOkzYS9Y61Khd4gPmRhMYxgl35GSlAkFdACR7t8qKz+aypsH3xeqMB9b6QfADVMyn05Ir/DoR5Vtjc6v+nv3e5ufW214/VOmFIZ0scUH4/GxtctjuztmeBczhDWZ/XeofRPb27ouzl/Fr5RgjFmnxav4Iw+BGn9uByLrVhE8ytTCsfp1dskRt1ovCNN8NjaV/RdbGHObQuLrjC5zmda8jzGgtl0CLBDUXCJcfxRvBcA+HOinTsyMsrEGjaCD/dpYxxj1tCmSiqu8rUJDGzqEno7XvejdkZLGnnFQIDAQABAoIBAAmkAjA5oYTkBIqwWskiDjqNLWxN3phs1g+9lNPyFNE8BL/7/V0KjmQsAXAX6V7LcFd3al7VGrbFQvRsTWaTbyyILjWW54g9sTbaWTuhlXoQUaZlDIDfBiugh0UgtGsiDrjcdKCu6Al/a+c87PNdAax2BG6A5YznKygNiTQrukw/X4DjU51kkeSy72uKEXyQgE/E6QzcOBfGiZyTcYgy7KkW3p1CDVUYnThB9Fl+IE1O9/WV0jaAZsrO4mtTQI4y02AIDJHw3y5dvPjyqu4egTYYF9GcccFu6sIo/lu8lLdlphFWZCCv5ZXJYK90EEtpxPKfA74l+j0Gg0L7zegJg4kCgYEA6ULc30VgYWiK25TxyIoi6f1YVEAPfl3iwkz/hnLB39e3Io/Y90N01IfAxfyP7Vcyre9BxN1uMcZX7gQlSov5PGRW+EZNKHbCh5zcZeoVvkPccf9Npn/j6tg+4vmdLtnxIKeeb7yXMkSsI0A8Xhbu7J5EZ3R+V/v0JQTxggclFDcCgYEAzv0FkUtNFskPtsCvYgVmm5EKP2S4mDeLdSe0SA7cBbrUsgywaw6GIENDJ+vuR7CEJ/2iMFPOX2bHFoTAkekZlAxUJ/mCbjr6+OTlxejY8y15VeJJCvXNlCOiW/qqgwQBAvgOShBjRKpJJRdzuy8rqDgi6kxsUeYClTLG0MbcURMCgYAmDT1Awu2FFmvIhFSo9Tfa2fRF0il04NX0AmGQyjmsTWFXpwWq2Hs/jGG7KodEHXxr+WLOPZ0TS5refhijP5BJ9MhnOfiuSClVvBYMHhKr9iAJDK/bIHPKxLoFhtjIYs8+F3n2GlrD3YYDPiBa7PzO5sab5doSekyKmXLYVlgLIwKBgDr4+80Zly0Wu9NlspJK16EbAcBuAencaW9HkKW3FhjL0i2oT9swmCY5A7ksDwd90ylRqhP6zKGBttdDm1n2/8KegJujCvY896RSEuUAIk+mdRtzDTyCK8A5Jtjt4gbR7TfbVLblVGML4SsgM2jxV47l74yxmWr8DWBUxzBUeBDhAoGBAMx4O0/nCLFAnHcNg2ao+sUfVaasbiWFrN2eRLODY8vC+xCKiDzLn28Av+gwyrwxxPRI7D8VVBnUMkdsNT6cbf37mIya5Na6vjoKep7EPrsSeo8R0aXbwvjFzLmkLmtL2nfl47fwl3SsyuWygQ/90r9AUZx4VSUblkqghorZhv6D
4c8ed167-dacb-4e93-ba58-bec258c868d6	bb53904f-cdd6-481b-9379-2aa79eae2100	certificate	MIICnzCCAYcCBgGLfBfmATANBgkqhkiG9w0BAQsFADATMREwDwYDVQQDDAhvdXJib2FyZDAeFw0yMzEwMjkxNTM4NDJaFw0zMzEwMjkxNTQwMjJaMBMxETAPBgNVBAMMCG91cmJvYXJkMIIBIjANBgkqhkiG9w0BAQEFAAOCAQ8AMIIBCgKCAQEAvJpZ4qRHaghc00mgcD7rad6uCla6BhHrQiaO3YdRaMGkTHl0YwgOkzYS9Y61Khd4gPmRhMYxgl35GSlAkFdACR7t8qKz+aypsH3xeqMB9b6QfADVMyn05Ir/DoR5Vtjc6v+nv3e5ufW214/VOmFIZ0scUH4/GxtctjuztmeBczhDWZ/XeofRPb27ouzl/Fr5RgjFmnxav4Iw+BGn9uByLrVhE8ytTCsfp1dskRt1ovCNN8NjaV/RdbGHObQuLrjC5zmda8jzGgtl0CLBDUXCJcfxRvBcA+HOinTsyMsrEGjaCD/dpYxxj1tCmSiqu8rUJDGzqEno7XvejdkZLGnnFQIDAQABMA0GCSqGSIb3DQEBCwUAA4IBAQBbFcIqmRCDnDRPSutSYe1eb62kX7XnUtuIJIaalo3bC4veq+zejL96Iw19FLm8LdtlvQxXoNneAqIcAnHm+pOnxVtjOekQe7A0CPF3fh6kFw7X80a/lYg//6cC5veKZvJm6H1C0xEfOxRd2smIQ6sx4gdNP5b6D1beiGT7sRP5/pgXU1SewPJ6s/tJwkIWWsL0oKNJXjwXHhXpYN/1yxZoJE6obucyEMzgKABZM474E6EvZcuMeyWrf2EXmJxTCpQJ8l/l7P7h1/+QMhyiWOMJwOTsA0hS2kEl1ALnqo89NPuize847sVZQDBL7y0afGUSxFuSNqCAr20wh0veBnwR
64a54ee7-e3af-49e9-8351-95cec08a2902	bb53904f-cdd6-481b-9379-2aa79eae2100	priority	100
8ae0689f-1e89-4458-a9fb-fab351f86320	bb53904f-cdd6-481b-9379-2aa79eae2100	algorithm	RSA-OAEP
8616739a-8d92-4a25-8758-450c8a537111	bb53904f-cdd6-481b-9379-2aa79eae2100	keyUse	ENC
87cd1a71-e499-4ab8-a829-4c5f8c971e65	fdc0d5bc-0668-4fda-838d-73fb8240c295	certificate	MIICnzCCAYcCBgGLfBfluTANBgkqhkiG9w0BAQsFADATMREwDwYDVQQDDAhvdXJib2FyZDAeFw0yMzEwMjkxNTM4NDJaFw0zMzEwMjkxNTQwMjJaMBMxETAPBgNVBAMMCG91cmJvYXJkMIIBIjANBgkqhkiG9w0BAQEFAAOCAQ8AMIIBCgKCAQEA3etqvfHQAMBspYIiCYDEFcO2nJoCB8DqR/w5fac/8UYzI/Dd+0y3q7pPWGWlwhYV/A0Xe9A25CTf/qV6bCPDOw9Re3ZXhiKeqfFkoq1bISTXf4kP2xgF+HAO+u471F5W/IqhaoI2wwvwXHQr/lJJoKDg+SsNmdbzz1TwEL5zpHWq5YjFZrIVuEsCdVlYzsc6jVZEzBsnZkyYtqCwlYHJwd15LVaugWOQkTpCuysb9NnRuGOupuih36K7k7Pk9rsqBRfKlhqQLDWRhn5a74lrVOlaW8fCkerhoVdi/UxjPTADIUbsUHs73n/Nrv0FaRKA9WdVBLegmKItZPXhJFmtMwIDAQABMA0GCSqGSIb3DQEBCwUAA4IBAQDCTPr8cz6qd77ac8dLvdQPXbX9+St9odE10RcDUtPAbkxf7FFWOatAYwDNX56G2NrJX0mKKtsJKg8M+IUQrE3lgi6dYevdmQ3YxjY/ZW+FH36XUCaAwlJbPsfRYoxuNNCqf13F3SNRZj/RXpsS5u5hdvD0dzzpBDzAT0NpVS8geUaLagfQaGNML3z3YJgiaXD/+/nA9Oc/C3WsrCrsJxV/NQGelF+tOxrm9U8TZdqoO8G/XFoaAP+hNxfeKJFiksDRGPQ4k/v90tZoshOH2xnnmMdsxeg3K8FEFb7TEjkegeWJl1ZXpnOe7IfxVKH3r+qrbR9LYPfFLA9I4MjRy9JB
a9ed6d26-bfa9-4129-b711-efdce88bfcea	fdc0d5bc-0668-4fda-838d-73fb8240c295	privateKey	MIIEpAIBAAKCAQEA3etqvfHQAMBspYIiCYDEFcO2nJoCB8DqR/w5fac/8UYzI/Dd+0y3q7pPWGWlwhYV/A0Xe9A25CTf/qV6bCPDOw9Re3ZXhiKeqfFkoq1bISTXf4kP2xgF+HAO+u471F5W/IqhaoI2wwvwXHQr/lJJoKDg+SsNmdbzz1TwEL5zpHWq5YjFZrIVuEsCdVlYzsc6jVZEzBsnZkyYtqCwlYHJwd15LVaugWOQkTpCuysb9NnRuGOupuih36K7k7Pk9rsqBRfKlhqQLDWRhn5a74lrVOlaW8fCkerhoVdi/UxjPTADIUbsUHs73n/Nrv0FaRKA9WdVBLegmKItZPXhJFmtMwIDAQABAoIBAEf5+vzwWQ5lWtezhWafpPmKKMhSCyaIo3QFkn/2pv6STjPyA41mLIw+OU3qagCxOSAu/tbhiWwlqaDl+vboAoI9TahFkc2nnN5xtLouj8gIMvzib4oYGJejgLhSXIVcs8nlDMWGxkwsqyDRbRNnjQnUJCOsmxSyaxFr8xD7NHa6OLyF15tGIYm6f5eeYniSKYs8BqiTDp5CKgprN1iyVqAMV0pYo/QSvh6mCNO3KSGN7FlN/KbE0JWe7+E7EctGjDPXHBnANcXMKJkaeEIwOgyWZbFF/NP6VZSFmifIUq94O+lzbgJ0Qyp8SPXrbkysa4gs5LKCefTEoyZuZfgMbIECgYEA8J7Xu5UjF5CUngCCSxHcn6Gm19DQQH8aLc4r6RJfe/z26+anXpcLaNT3IU8nnSJqM6XOwsZ/tQoYr9qUlyZDrARZSo7ULXdhOHd/OF6q/eE/9zWhMcR2sAr+XJbnTJWermZyTcNyT9S0ZoHxJWDYledP/3Ziv5cVbJEDFS03iTsCgYEA7BqUqXS0gtRrCAgutNH2C5WUCisPqCn1IsiY/EO3RJZUAzkyXh5K1SW28t05ZIKS6BP/s3R7JJdNqjc1PDPMeoFtR0SxoMd/e8b8nRDpQ5QHluR+EtmzSKDoaJyDaKZ5Ap60WU0gv7uQx/r8/IzdzkmhP2cgmpV2f16sN1Ew7GkCgYAPRgXrokvX8xV78gxTN48JkvlEObz+WxMOVUf0Q3ZMKIKD9uAo4O2Yeew18RBSqRyUqrG1K2Rv2XQ3tWg5L/Sbtqr0UJynRiylqPAqY9f2xZWJ252fyxi9k/URa4LDGbw41cfrp7xZ1OaemyDzfnJBEa3CSYF7J9v0SEAp1/TugQKBgQC2DdDv0WOXNf/J07VgDD3ytMXQCWArRR8WUSNV8UkRg/EIA0SJOkZtkIU/Q8ILdHuepD0YvQpvLpPeWm+cGjzjgYUn3RoyZWIxqUAERJP5Xd10Rn/IPUF3EUvjzjutqB/LG2DpMwW7kf+TlD8a5evqMvA5GWYUjIcws2mLxfk5cQKBgQC6E61nCpuqEklAJFgXa9szyCvNo9JQxkcicF4Ut0y044bXzISTSuuetORlel0G+69UmjCfyosU3orSzBne77x8zlHaqcyTMItaVgqc6XjmG8DGKNHjhFJ23vK++J/SJekWJT44QvE20SSWQvPVK8Z/fK9/bhlwR1de8sGfKijpdg==
6cebc48b-f81b-496d-94c5-d4dc124b8e61	fdc0d5bc-0668-4fda-838d-73fb8240c295	priority	100
b11f7bf5-66af-4dc0-be0c-10df26b8442d	fdc0d5bc-0668-4fda-838d-73fb8240c295	keyUse	SIG
66cd8ed7-d956-4cf3-9afd-3f5a004a47c3	9853f82e-afb6-4537-ba7c-e1644b4dae3e	allow-default-scopes	true
4b51f876-2efa-410f-9022-b8268dda487d	8b8026ea-2fe2-48a4-92c7-8282d292f7b0	client-uris-must-match	true
afb2a75f-901f-436c-8edc-e94556f946c3	8b8026ea-2fe2-48a4-92c7-8282d292f7b0	host-sending-registration-request-must-match	true
afecdefa-ac6a-4b7b-a5ee-093647425998	8fb797ed-1282-4850-b960-adfb28daf4a6	max-clients	200
cfc26032-42a4-4655-a721-af52c9af4f09	7a4f8643-ecb5-44c9-884b-40ce6c215bb1	allow-default-scopes	true
90451b84-b807-42f0-b19f-2edc70c1eb0c	6d9d2d89-897a-427a-8b9c-04d0448419e5	allowed-protocol-mapper-types	saml-user-property-mapper
1d4484bd-f4dd-43f6-8a7f-d0bb9c5f952a	6d9d2d89-897a-427a-8b9c-04d0448419e5	allowed-protocol-mapper-types	saml-user-attribute-mapper
f2e19b73-5a9d-4da4-a29a-f988e76fd375	6d9d2d89-897a-427a-8b9c-04d0448419e5	allowed-protocol-mapper-types	oidc-sha256-pairwise-sub-mapper
89677bcf-7cef-4ce0-a8cf-36d35eabda23	6d9d2d89-897a-427a-8b9c-04d0448419e5	allowed-protocol-mapper-types	saml-role-list-mapper
644804f2-b488-4d27-b3d8-15fa8d1ae5cd	6d9d2d89-897a-427a-8b9c-04d0448419e5	allowed-protocol-mapper-types	oidc-usermodel-property-mapper
26fc83dc-daa2-473f-b00b-d602925b6d33	6d9d2d89-897a-427a-8b9c-04d0448419e5	allowed-protocol-mapper-types	oidc-usermodel-attribute-mapper
c221df07-dc21-49f6-9b7d-d1e1ce98f80d	6d9d2d89-897a-427a-8b9c-04d0448419e5	allowed-protocol-mapper-types	oidc-address-mapper
dfb98deb-6732-4dec-96ee-dacf03ef3c63	6d9d2d89-897a-427a-8b9c-04d0448419e5	allowed-protocol-mapper-types	oidc-full-name-mapper
829e79e2-6d75-4ea3-afb2-6926a1675567	94a0b3de-82e6-47fa-95f5-113b4c830202	allowed-protocol-mapper-types	oidc-usermodel-property-mapper
6a7161db-7715-44cd-a3c6-01cb8b6f50e1	94a0b3de-82e6-47fa-95f5-113b4c830202	allowed-protocol-mapper-types	oidc-address-mapper
c57e4d4b-7906-4a00-8e01-f0dce074b70f	94a0b3de-82e6-47fa-95f5-113b4c830202	allowed-protocol-mapper-types	oidc-usermodel-attribute-mapper
55a51574-6699-4a35-bbe9-43216325fe53	94a0b3de-82e6-47fa-95f5-113b4c830202	allowed-protocol-mapper-types	saml-user-property-mapper
0fa0ae09-d661-4e0e-abf8-d8ba87c2b39c	94a0b3de-82e6-47fa-95f5-113b4c830202	allowed-protocol-mapper-types	saml-user-attribute-mapper
4c4ecf59-4fe5-4aa6-b45c-5bf7443ed5e9	94a0b3de-82e6-47fa-95f5-113b4c830202	allowed-protocol-mapper-types	saml-role-list-mapper
f7ede4b1-d6ec-4e8c-a3ed-8a441fc0b8e1	94a0b3de-82e6-47fa-95f5-113b4c830202	allowed-protocol-mapper-types	oidc-sha256-pairwise-sub-mapper
0425606e-e1b3-4a37-8deb-de45f0e30634	94a0b3de-82e6-47fa-95f5-113b4c830202	allowed-protocol-mapper-types	oidc-full-name-mapper
\.


--
-- Data for Name: composite_role; Type: TABLE DATA; Schema: public; Owner: keycloak
--

COPY public.composite_role (composite, child_role) FROM stdin;
46550935-9d8b-463d-acb7-76e5914619fc	fd39b5c8-cb22-4300-8360-90b1e78b203f
46550935-9d8b-463d-acb7-76e5914619fc	f1393577-a95d-4b9c-bdb5-acbb7659ec49
46550935-9d8b-463d-acb7-76e5914619fc	3a797a27-ced8-4019-b89c-be3f96768fef
46550935-9d8b-463d-acb7-76e5914619fc	e07412c0-ef2c-45c2-ac71-9b5bca3a1d0e
46550935-9d8b-463d-acb7-76e5914619fc	9000313e-62c1-4d0f-8225-74cb6271bad0
46550935-9d8b-463d-acb7-76e5914619fc	8dc00b7f-a0e9-4d6e-a0a8-6792164c82d6
46550935-9d8b-463d-acb7-76e5914619fc	4a1f2e56-820e-4c65-af39-74f9fded83e9
46550935-9d8b-463d-acb7-76e5914619fc	805f4dd7-9b86-4677-91b8-827b14eb31ad
46550935-9d8b-463d-acb7-76e5914619fc	3f88eb66-8324-42bd-8b5b-1f51b3a717b1
46550935-9d8b-463d-acb7-76e5914619fc	bd4d1300-f534-4e16-9310-559b9109fea7
46550935-9d8b-463d-acb7-76e5914619fc	e692941f-c589-49f7-aa22-e7b8f298a3a8
46550935-9d8b-463d-acb7-76e5914619fc	95a46663-9356-402e-a991-98f432ff5079
46550935-9d8b-463d-acb7-76e5914619fc	6ca48090-3d61-49aa-bc01-e20c94dbb8d0
46550935-9d8b-463d-acb7-76e5914619fc	0f34eb53-edb3-40a9-b861-11e1eff1935e
46550935-9d8b-463d-acb7-76e5914619fc	1c4d9801-19ee-4987-9ef5-1c50e1aeb05e
46550935-9d8b-463d-acb7-76e5914619fc	6605f11e-6eb5-4cd7-8523-be58dbb503b0
46550935-9d8b-463d-acb7-76e5914619fc	0584c7d0-dc16-493c-9b26-347920d2ffb1
46550935-9d8b-463d-acb7-76e5914619fc	08d7b65a-b41a-458d-b7c5-6d2757965f3d
1102e6ef-567c-495f-9704-609b8439f6ed	79c6e296-dba7-4181-9736-42d4fd1f83a1
9000313e-62c1-4d0f-8225-74cb6271bad0	6605f11e-6eb5-4cd7-8523-be58dbb503b0
e07412c0-ef2c-45c2-ac71-9b5bca3a1d0e	08d7b65a-b41a-458d-b7c5-6d2757965f3d
e07412c0-ef2c-45c2-ac71-9b5bca3a1d0e	1c4d9801-19ee-4987-9ef5-1c50e1aeb05e
1102e6ef-567c-495f-9704-609b8439f6ed	aa935992-177c-4b37-baf7-f5f8ae32468b
aa935992-177c-4b37-baf7-f5f8ae32468b	4fde5f2b-6ca3-4c7a-b5e3-1df000e4ecc2
b528aaa9-1cad-45c0-8e91-79052fcf9222	25529f2b-472e-4967-bd1d-8ca4621d7c73
46550935-9d8b-463d-acb7-76e5914619fc	bc3af868-084b-4d1d-af35-c3134c13de2f
1102e6ef-567c-495f-9704-609b8439f6ed	418f571e-3a36-4904-800a-c31d10ab4194
1102e6ef-567c-495f-9704-609b8439f6ed	e6b153a5-b02e-41db-97d6-2001abf16783
46550935-9d8b-463d-acb7-76e5914619fc	247b42fe-6f30-4b0b-b5ac-96447df756b8
46550935-9d8b-463d-acb7-76e5914619fc	2193a964-a5d7-4e85-8c35-0f3cb7bc9682
46550935-9d8b-463d-acb7-76e5914619fc	4904d33e-7188-420d-a264-93f17fd58095
46550935-9d8b-463d-acb7-76e5914619fc	fd88bb53-f80a-44ad-ae72-2368bf56691c
46550935-9d8b-463d-acb7-76e5914619fc	87c8788d-9c09-4687-a548-80a4202e33f4
46550935-9d8b-463d-acb7-76e5914619fc	341e9c39-5731-47dd-9c83-a4f94b099a3d
46550935-9d8b-463d-acb7-76e5914619fc	68244192-cd4f-4cbf-8abd-e0ed5f73bf49
46550935-9d8b-463d-acb7-76e5914619fc	8405b1b3-91da-43b0-a71c-af5b22e3d643
46550935-9d8b-463d-acb7-76e5914619fc	e4cd51e3-0628-4992-a027-be78a0b6c5b8
46550935-9d8b-463d-acb7-76e5914619fc	2d632b33-d875-491d-8e12-e6cf68f117f2
46550935-9d8b-463d-acb7-76e5914619fc	f1e68c21-ffd9-4154-87ac-a25175432022
46550935-9d8b-463d-acb7-76e5914619fc	c3713905-4f3d-4a0d-a564-233ebaf7c0c8
46550935-9d8b-463d-acb7-76e5914619fc	90b14ddf-7076-4f7d-a398-fc284b8fb064
46550935-9d8b-463d-acb7-76e5914619fc	322e8bdd-eebf-4236-8256-acdf1e06199d
46550935-9d8b-463d-acb7-76e5914619fc	d5a944ea-ca53-4b24-8a5f-3213c5ffe7ea
46550935-9d8b-463d-acb7-76e5914619fc	3b54e2ac-8edc-4c20-a3e2-52a261118492
46550935-9d8b-463d-acb7-76e5914619fc	fb6f79cb-d573-4829-9d60-b92ea98099ef
4904d33e-7188-420d-a264-93f17fd58095	322e8bdd-eebf-4236-8256-acdf1e06199d
4904d33e-7188-420d-a264-93f17fd58095	fb6f79cb-d573-4829-9d60-b92ea98099ef
fd88bb53-f80a-44ad-ae72-2368bf56691c	d5a944ea-ca53-4b24-8a5f-3213c5ffe7ea
7d1a1b49-290a-402d-b6cc-9dabffb38f7c	5131786f-fd1a-4d8f-b7b3-01cc1a36bf8b
7d1a1b49-290a-402d-b6cc-9dabffb38f7c	763fb3a1-85cf-4c38-9554-305c5be95f87
7d1a1b49-290a-402d-b6cc-9dabffb38f7c	1ef446fb-3edc-44ca-9f2a-96884538ac6e
7d1a1b49-290a-402d-b6cc-9dabffb38f7c	ca78f9aa-b871-43c9-8ca0-6323d0780ad7
7d1a1b49-290a-402d-b6cc-9dabffb38f7c	68c8ff41-7fab-413a-8cdd-c270aad522fa
7d1a1b49-290a-402d-b6cc-9dabffb38f7c	62aeff5e-fe84-4276-b1f0-a4caa6cf65f0
7d1a1b49-290a-402d-b6cc-9dabffb38f7c	4d066f62-161a-43f6-b2b7-1de1092eeba9
7d1a1b49-290a-402d-b6cc-9dabffb38f7c	1ed81f82-b318-4314-9485-7f27248ac479
7d1a1b49-290a-402d-b6cc-9dabffb38f7c	c310e7ff-7942-4ab7-9771-e340dc76741d
7d1a1b49-290a-402d-b6cc-9dabffb38f7c	7da5daec-6a08-4529-b433-c304b410dd97
7d1a1b49-290a-402d-b6cc-9dabffb38f7c	a7341a81-3a44-4e53-b7bb-7125b465b356
7d1a1b49-290a-402d-b6cc-9dabffb38f7c	bd90e0ee-ad9e-4fd9-a8cf-402fc6f01bf0
7d1a1b49-290a-402d-b6cc-9dabffb38f7c	a1a0faf6-74ec-46d5-bf3b-cad0e56d6eec
7d1a1b49-290a-402d-b6cc-9dabffb38f7c	62ec5875-b826-47c0-a4eb-2a2b768e36b4
7d1a1b49-290a-402d-b6cc-9dabffb38f7c	0430e54d-8bc5-44c9-b0a3-e29e9ff5b425
7d1a1b49-290a-402d-b6cc-9dabffb38f7c	536dbf51-41d0-4b93-9a18-eb0bb5522467
7d1a1b49-290a-402d-b6cc-9dabffb38f7c	5c850b9c-f0ba-43f8-bea4-2b677a5d1a23
1ef446fb-3edc-44ca-9f2a-96884538ac6e	62ec5875-b826-47c0-a4eb-2a2b768e36b4
1ef446fb-3edc-44ca-9f2a-96884538ac6e	5c850b9c-f0ba-43f8-bea4-2b677a5d1a23
ca78f9aa-b871-43c9-8ca0-6323d0780ad7	0430e54d-8bc5-44c9-b0a3-e29e9ff5b425
d18c7a1e-954a-478c-84cd-ab60ac89c351	1549050d-2d90-44d9-ac44-1bca24b71a9f
d18c7a1e-954a-478c-84cd-ab60ac89c351	85690fb9-8525-4ce3-a100-ab59e38f6d5e
85690fb9-8525-4ce3-a100-ab59e38f6d5e	9fdfe2d2-a446-4708-9962-99e7ba60a838
3edda74a-512a-4b3d-b00d-86b9dc214a78	8c2afacb-186e-4df8-ae37-775457dfb6cb
46550935-9d8b-463d-acb7-76e5914619fc	bebfd4ef-d674-4d74-b332-026e52494fe5
7d1a1b49-290a-402d-b6cc-9dabffb38f7c	9e53154e-c887-4a26-bb7c-c76b06dc0656
d18c7a1e-954a-478c-84cd-ab60ac89c351	e5ad2c92-6fec-46ff-ac4c-0c519483a403
d18c7a1e-954a-478c-84cd-ab60ac89c351	62dcc982-a8a1-4b37-ac34-c5d82842548f
\.


--
-- Data for Name: credential; Type: TABLE DATA; Schema: public; Owner: keycloak
--

COPY public.credential (id, salt, type, user_id, created_date, user_label, secret_data, credential_data, priority) FROM stdin;
4240a5c9-08c3-41e6-b141-5506c06c2f26	\N	password	5362dff9-2c51-4a6b-a5fb-e93574fb8f62	1698593994730	\N	{"value":"WDq1aa09OgiUxaM0S0v2DBaWyO/k+74WsTOBbfIld0c=","salt":"6A95mjKEh7KPGHsh6WqZjQ==","additionalParameters":{}}	{"hashIterations":27500,"algorithm":"pbkdf2-sha256","additionalParameters":{}}	10
d63f0fb4-3721-4ca2-94b5-7dbccc3dd2a8	\N	password	32796b05-317e-4469-8b52-549ce1d0745f	1698595431887	My password	{"value":"/QpOGKkBnI3rwQYaWLjBf4bZmryyB+GhK6jTTb6wfkE=","salt":"ew6wM4wBCaMUBB6d+3Wqig==","additionalParameters":{}}	{"hashIterations":27500,"algorithm":"pbkdf2-sha256","additionalParameters":{}}	10
\.


--
-- Data for Name: databasechangelog; Type: TABLE DATA; Schema: public; Owner: keycloak
--

COPY public.databasechangelog (id, author, filename, dateexecuted, orderexecuted, exectype, md5sum, description, comments, tag, liquibase, contexts, labels, deployment_id) FROM stdin;
1.0.0.Final-KEYCLOAK-5461	sthorger@redhat.com	META-INF/jpa-changelog-1.0.0.Final.xml	2023-10-29 15:39:52.526122	1	EXECUTED	9:6f1016664e21e16d26517a4418f5e3df	createTable tableName=APPLICATION_DEFAULT_ROLES; createTable tableName=CLIENT; createTable tableName=CLIENT_SESSION; createTable tableName=CLIENT_SESSION_ROLE; createTable tableName=COMPOSITE_ROLE; createTable tableName=CREDENTIAL; createTable tab...		\N	4.23.2	\N	\N	8593992115
1.0.0.Final-KEYCLOAK-5461	sthorger@redhat.com	META-INF/db2-jpa-changelog-1.0.0.Final.xml	2023-10-29 15:39:52.55707	2	MARK_RAN	9:828775b1596a07d1200ba1d49e5e3941	createTable tableName=APPLICATION_DEFAULT_ROLES; createTable tableName=CLIENT; createTable tableName=CLIENT_SESSION; createTable tableName=CLIENT_SESSION_ROLE; createTable tableName=COMPOSITE_ROLE; createTable tableName=CREDENTIAL; createTable tab...		\N	4.23.2	\N	\N	8593992115
1.1.0.Beta1	sthorger@redhat.com	META-INF/jpa-changelog-1.1.0.Beta1.xml	2023-10-29 15:39:52.582181	3	EXECUTED	9:5f090e44a7d595883c1fb61f4b41fd38	delete tableName=CLIENT_SESSION_ROLE; delete tableName=CLIENT_SESSION; delete tableName=USER_SESSION; createTable tableName=CLIENT_ATTRIBUTES; createTable tableName=CLIENT_SESSION_NOTE; createTable tableName=APP_NODE_REGISTRATIONS; addColumn table...		\N	4.23.2	\N	\N	8593992115
1.1.0.Final	sthorger@redhat.com	META-INF/jpa-changelog-1.1.0.Final.xml	2023-10-29 15:39:52.584582	4	EXECUTED	9:c07e577387a3d2c04d1adc9aaad8730e	renameColumn newColumnName=EVENT_TIME, oldColumnName=TIME, tableName=EVENT_ENTITY		\N	4.23.2	\N	\N	8593992115
1.2.0.Beta1	psilva@redhat.com	META-INF/jpa-changelog-1.2.0.Beta1.xml	2023-10-29 15:39:52.639856	5	EXECUTED	9:b68ce996c655922dbcd2fe6b6ae72686	delete tableName=CLIENT_SESSION_ROLE; delete tableName=CLIENT_SESSION_NOTE; delete tableName=CLIENT_SESSION; delete tableName=USER_SESSION; createTable tableName=PROTOCOL_MAPPER; createTable tableName=PROTOCOL_MAPPER_CONFIG; createTable tableName=...		\N	4.23.2	\N	\N	8593992115
1.2.0.Beta1	psilva@redhat.com	META-INF/db2-jpa-changelog-1.2.0.Beta1.xml	2023-10-29 15:39:52.651473	6	MARK_RAN	9:543b5c9989f024fe35c6f6c5a97de88e	delete tableName=CLIENT_SESSION_ROLE; delete tableName=CLIENT_SESSION_NOTE; delete tableName=CLIENT_SESSION; delete tableName=USER_SESSION; createTable tableName=PROTOCOL_MAPPER; createTable tableName=PROTOCOL_MAPPER_CONFIG; createTable tableName=...		\N	4.23.2	\N	\N	8593992115
1.2.0.RC1	bburke@redhat.com	META-INF/jpa-changelog-1.2.0.CR1.xml	2023-10-29 15:39:52.713983	7	EXECUTED	9:765afebbe21cf5bbca048e632df38336	delete tableName=CLIENT_SESSION_ROLE; delete tableName=CLIENT_SESSION_NOTE; delete tableName=CLIENT_SESSION; delete tableName=USER_SESSION_NOTE; delete tableName=USER_SESSION; createTable tableName=MIGRATION_MODEL; createTable tableName=IDENTITY_P...		\N	4.23.2	\N	\N	8593992115
1.2.0.RC1	bburke@redhat.com	META-INF/db2-jpa-changelog-1.2.0.CR1.xml	2023-10-29 15:39:52.729492	8	MARK_RAN	9:db4a145ba11a6fdaefb397f6dbf829a1	delete tableName=CLIENT_SESSION_ROLE; delete tableName=CLIENT_SESSION_NOTE; delete tableName=CLIENT_SESSION; delete tableName=USER_SESSION_NOTE; delete tableName=USER_SESSION; createTable tableName=MIGRATION_MODEL; createTable tableName=IDENTITY_P...		\N	4.23.2	\N	\N	8593992115
1.2.0.Final	keycloak	META-INF/jpa-changelog-1.2.0.Final.xml	2023-10-29 15:39:52.736454	9	EXECUTED	9:9d05c7be10cdb873f8bcb41bc3a8ab23	update tableName=CLIENT; update tableName=CLIENT; update tableName=CLIENT		\N	4.23.2	\N	\N	8593992115
1.3.0	bburke@redhat.com	META-INF/jpa-changelog-1.3.0.xml	2023-10-29 15:39:52.792259	10	EXECUTED	9:18593702353128d53111f9b1ff0b82b8	delete tableName=CLIENT_SESSION_ROLE; delete tableName=CLIENT_SESSION_PROT_MAPPER; delete tableName=CLIENT_SESSION_NOTE; delete tableName=CLIENT_SESSION; delete tableName=USER_SESSION_NOTE; delete tableName=USER_SESSION; createTable tableName=ADMI...		\N	4.23.2	\N	\N	8593992115
1.4.0	bburke@redhat.com	META-INF/jpa-changelog-1.4.0.xml	2023-10-29 15:39:52.824703	11	EXECUTED	9:6122efe5f090e41a85c0f1c9e52cbb62	delete tableName=CLIENT_SESSION_AUTH_STATUS; delete tableName=CLIENT_SESSION_ROLE; delete tableName=CLIENT_SESSION_PROT_MAPPER; delete tableName=CLIENT_SESSION_NOTE; delete tableName=CLIENT_SESSION; delete tableName=USER_SESSION_NOTE; delete table...		\N	4.23.2	\N	\N	8593992115
1.4.0	bburke@redhat.com	META-INF/db2-jpa-changelog-1.4.0.xml	2023-10-29 15:39:52.831098	12	MARK_RAN	9:e1ff28bf7568451453f844c5d54bb0b5	delete tableName=CLIENT_SESSION_AUTH_STATUS; delete tableName=CLIENT_SESSION_ROLE; delete tableName=CLIENT_SESSION_PROT_MAPPER; delete tableName=CLIENT_SESSION_NOTE; delete tableName=CLIENT_SESSION; delete tableName=USER_SESSION_NOTE; delete table...		\N	4.23.2	\N	\N	8593992115
1.5.0	bburke@redhat.com	META-INF/jpa-changelog-1.5.0.xml	2023-10-29 15:39:52.841538	13	EXECUTED	9:7af32cd8957fbc069f796b61217483fd	delete tableName=CLIENT_SESSION_AUTH_STATUS; delete tableName=CLIENT_SESSION_ROLE; delete tableName=CLIENT_SESSION_PROT_MAPPER; delete tableName=CLIENT_SESSION_NOTE; delete tableName=CLIENT_SESSION; delete tableName=USER_SESSION_NOTE; delete table...		\N	4.23.2	\N	\N	8593992115
1.6.1_from15	mposolda@redhat.com	META-INF/jpa-changelog-1.6.1.xml	2023-10-29 15:39:52.850965	14	EXECUTED	9:6005e15e84714cd83226bf7879f54190	addColumn tableName=REALM; addColumn tableName=KEYCLOAK_ROLE; addColumn tableName=CLIENT; createTable tableName=OFFLINE_USER_SESSION; createTable tableName=OFFLINE_CLIENT_SESSION; addPrimaryKey constraintName=CONSTRAINT_OFFL_US_SES_PK2, tableName=...		\N	4.23.2	\N	\N	8593992115
1.6.1_from16-pre	mposolda@redhat.com	META-INF/jpa-changelog-1.6.1.xml	2023-10-29 15:39:52.8518	15	MARK_RAN	9:bf656f5a2b055d07f314431cae76f06c	delete tableName=OFFLINE_CLIENT_SESSION; delete tableName=OFFLINE_USER_SESSION		\N	4.23.2	\N	\N	8593992115
1.6.1_from16	mposolda@redhat.com	META-INF/jpa-changelog-1.6.1.xml	2023-10-29 15:39:52.85342	16	MARK_RAN	9:f8dadc9284440469dcf71e25ca6ab99b	dropPrimaryKey constraintName=CONSTRAINT_OFFLINE_US_SES_PK, tableName=OFFLINE_USER_SESSION; dropPrimaryKey constraintName=CONSTRAINT_OFFLINE_CL_SES_PK, tableName=OFFLINE_CLIENT_SESSION; addColumn tableName=OFFLINE_USER_SESSION; update tableName=OF...		\N	4.23.2	\N	\N	8593992115
1.6.1	mposolda@redhat.com	META-INF/jpa-changelog-1.6.1.xml	2023-10-29 15:39:52.855241	17	EXECUTED	9:d41d8cd98f00b204e9800998ecf8427e	empty		\N	4.23.2	\N	\N	8593992115
1.7.0	bburke@redhat.com	META-INF/jpa-changelog-1.7.0.xml	2023-10-29 15:39:52.884783	18	EXECUTED	9:3368ff0be4c2855ee2dd9ca813b38d8e	createTable tableName=KEYCLOAK_GROUP; createTable tableName=GROUP_ROLE_MAPPING; createTable tableName=GROUP_ATTRIBUTE; createTable tableName=USER_GROUP_MEMBERSHIP; createTable tableName=REALM_DEFAULT_GROUPS; addColumn tableName=IDENTITY_PROVIDER; ...		\N	4.23.2	\N	\N	8593992115
1.8.0	mposolda@redhat.com	META-INF/jpa-changelog-1.8.0.xml	2023-10-29 15:39:52.903058	19	EXECUTED	9:8ac2fb5dd030b24c0570a763ed75ed20	addColumn tableName=IDENTITY_PROVIDER; createTable tableName=CLIENT_TEMPLATE; createTable tableName=CLIENT_TEMPLATE_ATTRIBUTES; createTable tableName=TEMPLATE_SCOPE_MAPPING; dropNotNullConstraint columnName=CLIENT_ID, tableName=PROTOCOL_MAPPER; ad...		\N	4.23.2	\N	\N	8593992115
1.8.0-2	keycloak	META-INF/jpa-changelog-1.8.0.xml	2023-10-29 15:39:52.905097	20	EXECUTED	9:f91ddca9b19743db60e3057679810e6c	dropDefaultValue columnName=ALGORITHM, tableName=CREDENTIAL; update tableName=CREDENTIAL		\N	4.23.2	\N	\N	8593992115
1.8.0	mposolda@redhat.com	META-INF/db2-jpa-changelog-1.8.0.xml	2023-10-29 15:39:52.910754	21	MARK_RAN	9:831e82914316dc8a57dc09d755f23c51	addColumn tableName=IDENTITY_PROVIDER; createTable tableName=CLIENT_TEMPLATE; createTable tableName=CLIENT_TEMPLATE_ATTRIBUTES; createTable tableName=TEMPLATE_SCOPE_MAPPING; dropNotNullConstraint columnName=CLIENT_ID, tableName=PROTOCOL_MAPPER; ad...		\N	4.23.2	\N	\N	8593992115
1.8.0-2	keycloak	META-INF/db2-jpa-changelog-1.8.0.xml	2023-10-29 15:39:52.912636	22	MARK_RAN	9:f91ddca9b19743db60e3057679810e6c	dropDefaultValue columnName=ALGORITHM, tableName=CREDENTIAL; update tableName=CREDENTIAL		\N	4.23.2	\N	\N	8593992115
1.9.0	mposolda@redhat.com	META-INF/jpa-changelog-1.9.0.xml	2023-10-29 15:39:52.920592	23	EXECUTED	9:bc3d0f9e823a69dc21e23e94c7a94bb1	update tableName=REALM; update tableName=REALM; update tableName=REALM; update tableName=REALM; update tableName=CREDENTIAL; update tableName=CREDENTIAL; update tableName=CREDENTIAL; update tableName=REALM; update tableName=REALM; customChange; dr...		\N	4.23.2	\N	\N	8593992115
1.9.1	keycloak	META-INF/jpa-changelog-1.9.1.xml	2023-10-29 15:39:52.9225	24	EXECUTED	9:c9999da42f543575ab790e76439a2679	modifyDataType columnName=PRIVATE_KEY, tableName=REALM; modifyDataType columnName=PUBLIC_KEY, tableName=REALM; modifyDataType columnName=CERTIFICATE, tableName=REALM		\N	4.23.2	\N	\N	8593992115
1.9.1	keycloak	META-INF/db2-jpa-changelog-1.9.1.xml	2023-10-29 15:39:52.923097	25	MARK_RAN	9:0d6c65c6f58732d81569e77b10ba301d	modifyDataType columnName=PRIVATE_KEY, tableName=REALM; modifyDataType columnName=CERTIFICATE, tableName=REALM		\N	4.23.2	\N	\N	8593992115
1.9.2	keycloak	META-INF/jpa-changelog-1.9.2.xml	2023-10-29 15:39:52.933094	26	EXECUTED	9:fc576660fc016ae53d2d4778d84d86d0	createIndex indexName=IDX_USER_EMAIL, tableName=USER_ENTITY; createIndex indexName=IDX_USER_ROLE_MAPPING, tableName=USER_ROLE_MAPPING; createIndex indexName=IDX_USER_GROUP_MAPPING, tableName=USER_GROUP_MEMBERSHIP; createIndex indexName=IDX_USER_CO...		\N	4.23.2	\N	\N	8593992115
authz-2.0.0	psilva@redhat.com	META-INF/jpa-changelog-authz-2.0.0.xml	2023-10-29 15:39:52.964132	27	EXECUTED	9:43ed6b0da89ff77206289e87eaa9c024	createTable tableName=RESOURCE_SERVER; addPrimaryKey constraintName=CONSTRAINT_FARS, tableName=RESOURCE_SERVER; addUniqueConstraint constraintName=UK_AU8TT6T700S9V50BU18WS5HA6, tableName=RESOURCE_SERVER; createTable tableName=RESOURCE_SERVER_RESOU...		\N	4.23.2	\N	\N	8593992115
authz-2.5.1	psilva@redhat.com	META-INF/jpa-changelog-authz-2.5.1.xml	2023-10-29 15:39:52.966529	28	EXECUTED	9:44bae577f551b3738740281eceb4ea70	update tableName=RESOURCE_SERVER_POLICY		\N	4.23.2	\N	\N	8593992115
2.1.0-KEYCLOAK-5461	bburke@redhat.com	META-INF/jpa-changelog-2.1.0.xml	2023-10-29 15:39:52.98893	29	EXECUTED	9:bd88e1f833df0420b01e114533aee5e8	createTable tableName=BROKER_LINK; createTable tableName=FED_USER_ATTRIBUTE; createTable tableName=FED_USER_CONSENT; createTable tableName=FED_USER_CONSENT_ROLE; createTable tableName=FED_USER_CONSENT_PROT_MAPPER; createTable tableName=FED_USER_CR...		\N	4.23.2	\N	\N	8593992115
2.2.0	bburke@redhat.com	META-INF/jpa-changelog-2.2.0.xml	2023-10-29 15:39:52.994839	30	EXECUTED	9:a7022af5267f019d020edfe316ef4371	addColumn tableName=ADMIN_EVENT_ENTITY; createTable tableName=CREDENTIAL_ATTRIBUTE; createTable tableName=FED_CREDENTIAL_ATTRIBUTE; modifyDataType columnName=VALUE, tableName=CREDENTIAL; addForeignKeyConstraint baseTableName=FED_CREDENTIAL_ATTRIBU...		\N	4.23.2	\N	\N	8593992115
2.3.0	bburke@redhat.com	META-INF/jpa-changelog-2.3.0.xml	2023-10-29 15:39:53.001191	31	EXECUTED	9:fc155c394040654d6a79227e56f5e25a	createTable tableName=FEDERATED_USER; addPrimaryKey constraintName=CONSTR_FEDERATED_USER, tableName=FEDERATED_USER; dropDefaultValue columnName=TOTP, tableName=USER_ENTITY; dropColumn columnName=TOTP, tableName=USER_ENTITY; addColumn tableName=IDE...		\N	4.23.2	\N	\N	8593992115
2.4.0	bburke@redhat.com	META-INF/jpa-changelog-2.4.0.xml	2023-10-29 15:39:53.002862	32	EXECUTED	9:eac4ffb2a14795e5dc7b426063e54d88	customChange		\N	4.23.2	\N	\N	8593992115
2.5.0	bburke@redhat.com	META-INF/jpa-changelog-2.5.0.xml	2023-10-29 15:39:53.00477	33	EXECUTED	9:54937c05672568c4c64fc9524c1e9462	customChange; modifyDataType columnName=USER_ID, tableName=OFFLINE_USER_SESSION		\N	4.23.2	\N	\N	8593992115
2.5.0-unicode-oracle	hmlnarik@redhat.com	META-INF/jpa-changelog-2.5.0.xml	2023-10-29 15:39:53.007015	34	MARK_RAN	9:3a32bace77c84d7678d035a7f5a8084e	modifyDataType columnName=DESCRIPTION, tableName=AUTHENTICATION_FLOW; modifyDataType columnName=DESCRIPTION, tableName=CLIENT_TEMPLATE; modifyDataType columnName=DESCRIPTION, tableName=RESOURCE_SERVER_POLICY; modifyDataType columnName=DESCRIPTION,...		\N	4.23.2	\N	\N	8593992115
2.5.0-unicode-other-dbs	hmlnarik@redhat.com	META-INF/jpa-changelog-2.5.0.xml	2023-10-29 15:39:53.017994	35	EXECUTED	9:33d72168746f81f98ae3a1e8e0ca3554	modifyDataType columnName=DESCRIPTION, tableName=AUTHENTICATION_FLOW; modifyDataType columnName=DESCRIPTION, tableName=CLIENT_TEMPLATE; modifyDataType columnName=DESCRIPTION, tableName=RESOURCE_SERVER_POLICY; modifyDataType columnName=DESCRIPTION,...		\N	4.23.2	\N	\N	8593992115
2.5.0-duplicate-email-support	slawomir@dabek.name	META-INF/jpa-changelog-2.5.0.xml	2023-10-29 15:39:53.019915	36	EXECUTED	9:61b6d3d7a4c0e0024b0c839da283da0c	addColumn tableName=REALM		\N	4.23.2	\N	\N	8593992115
2.5.0-unique-group-names	hmlnarik@redhat.com	META-INF/jpa-changelog-2.5.0.xml	2023-10-29 15:39:53.022173	37	EXECUTED	9:8dcac7bdf7378e7d823cdfddebf72fda	addUniqueConstraint constraintName=SIBLING_NAMES, tableName=KEYCLOAK_GROUP		\N	4.23.2	\N	\N	8593992115
2.5.1	bburke@redhat.com	META-INF/jpa-changelog-2.5.1.xml	2023-10-29 15:39:53.023401	38	EXECUTED	9:a2b870802540cb3faa72098db5388af3	addColumn tableName=FED_USER_CONSENT		\N	4.23.2	\N	\N	8593992115
3.0.0	bburke@redhat.com	META-INF/jpa-changelog-3.0.0.xml	2023-10-29 15:39:53.024816	39	EXECUTED	9:132a67499ba24bcc54fb5cbdcfe7e4c0	addColumn tableName=IDENTITY_PROVIDER		\N	4.23.2	\N	\N	8593992115
3.2.0-fix	keycloak	META-INF/jpa-changelog-3.2.0.xml	2023-10-29 15:39:53.025574	40	MARK_RAN	9:938f894c032f5430f2b0fafb1a243462	addNotNullConstraint columnName=REALM_ID, tableName=CLIENT_INITIAL_ACCESS		\N	4.23.2	\N	\N	8593992115
3.2.0-fix-with-keycloak-5416	keycloak	META-INF/jpa-changelog-3.2.0.xml	2023-10-29 15:39:53.026593	41	MARK_RAN	9:845c332ff1874dc5d35974b0babf3006	dropIndex indexName=IDX_CLIENT_INIT_ACC_REALM, tableName=CLIENT_INITIAL_ACCESS; addNotNullConstraint columnName=REALM_ID, tableName=CLIENT_INITIAL_ACCESS; createIndex indexName=IDX_CLIENT_INIT_ACC_REALM, tableName=CLIENT_INITIAL_ACCESS		\N	4.23.2	\N	\N	8593992115
3.2.0-fix-offline-sessions	hmlnarik	META-INF/jpa-changelog-3.2.0.xml	2023-10-29 15:39:53.028483	42	EXECUTED	9:fc86359c079781adc577c5a217e4d04c	customChange		\N	4.23.2	\N	\N	8593992115
3.2.0-fixed	keycloak	META-INF/jpa-changelog-3.2.0.xml	2023-10-29 15:39:53.07247	43	EXECUTED	9:59a64800e3c0d09b825f8a3b444fa8f4	addColumn tableName=REALM; dropPrimaryKey constraintName=CONSTRAINT_OFFL_CL_SES_PK2, tableName=OFFLINE_CLIENT_SESSION; dropColumn columnName=CLIENT_SESSION_ID, tableName=OFFLINE_CLIENT_SESSION; addPrimaryKey constraintName=CONSTRAINT_OFFL_CL_SES_P...		\N	4.23.2	\N	\N	8593992115
3.3.0	keycloak	META-INF/jpa-changelog-3.3.0.xml	2023-10-29 15:39:53.07467	44	EXECUTED	9:d48d6da5c6ccf667807f633fe489ce88	addColumn tableName=USER_ENTITY		\N	4.23.2	\N	\N	8593992115
authz-3.4.0.CR1-resource-server-pk-change-part1	glavoie@gmail.com	META-INF/jpa-changelog-authz-3.4.0.CR1.xml	2023-10-29 15:39:53.076174	45	EXECUTED	9:dde36f7973e80d71fceee683bc5d2951	addColumn tableName=RESOURCE_SERVER_POLICY; addColumn tableName=RESOURCE_SERVER_RESOURCE; addColumn tableName=RESOURCE_SERVER_SCOPE		\N	4.23.2	\N	\N	8593992115
authz-3.4.0.CR1-resource-server-pk-change-part2-KEYCLOAK-6095	hmlnarik@redhat.com	META-INF/jpa-changelog-authz-3.4.0.CR1.xml	2023-10-29 15:39:53.077929	46	EXECUTED	9:b855e9b0a406b34fa323235a0cf4f640	customChange		\N	4.23.2	\N	\N	8593992115
authz-3.4.0.CR1-resource-server-pk-change-part3-fixed	glavoie@gmail.com	META-INF/jpa-changelog-authz-3.4.0.CR1.xml	2023-10-29 15:39:53.078562	47	MARK_RAN	9:51abbacd7b416c50c4421a8cabf7927e	dropIndex indexName=IDX_RES_SERV_POL_RES_SERV, tableName=RESOURCE_SERVER_POLICY; dropIndex indexName=IDX_RES_SRV_RES_RES_SRV, tableName=RESOURCE_SERVER_RESOURCE; dropIndex indexName=IDX_RES_SRV_SCOPE_RES_SRV, tableName=RESOURCE_SERVER_SCOPE		\N	4.23.2	\N	\N	8593992115
authz-3.4.0.CR1-resource-server-pk-change-part3-fixed-nodropindex	glavoie@gmail.com	META-INF/jpa-changelog-authz-3.4.0.CR1.xml	2023-10-29 15:39:53.092896	48	EXECUTED	9:bdc99e567b3398bac83263d375aad143	addNotNullConstraint columnName=RESOURCE_SERVER_CLIENT_ID, tableName=RESOURCE_SERVER_POLICY; addNotNullConstraint columnName=RESOURCE_SERVER_CLIENT_ID, tableName=RESOURCE_SERVER_RESOURCE; addNotNullConstraint columnName=RESOURCE_SERVER_CLIENT_ID, ...		\N	4.23.2	\N	\N	8593992115
authn-3.4.0.CR1-refresh-token-max-reuse	glavoie@gmail.com	META-INF/jpa-changelog-authz-3.4.0.CR1.xml	2023-10-29 15:39:53.094776	49	EXECUTED	9:d198654156881c46bfba39abd7769e69	addColumn tableName=REALM		\N	4.23.2	\N	\N	8593992115
3.4.0	keycloak	META-INF/jpa-changelog-3.4.0.xml	2023-10-29 15:39:53.111646	50	EXECUTED	9:cfdd8736332ccdd72c5256ccb42335db	addPrimaryKey constraintName=CONSTRAINT_REALM_DEFAULT_ROLES, tableName=REALM_DEFAULT_ROLES; addPrimaryKey constraintName=CONSTRAINT_COMPOSITE_ROLE, tableName=COMPOSITE_ROLE; addPrimaryKey constraintName=CONSTR_REALM_DEFAULT_GROUPS, tableName=REALM...		\N	4.23.2	\N	\N	8593992115
3.4.0-KEYCLOAK-5230	hmlnarik@redhat.com	META-INF/jpa-changelog-3.4.0.xml	2023-10-29 15:39:53.124569	51	EXECUTED	9:7c84de3d9bd84d7f077607c1a4dcb714	createIndex indexName=IDX_FU_ATTRIBUTE, tableName=FED_USER_ATTRIBUTE; createIndex indexName=IDX_FU_CONSENT, tableName=FED_USER_CONSENT; createIndex indexName=IDX_FU_CONSENT_RU, tableName=FED_USER_CONSENT; createIndex indexName=IDX_FU_CREDENTIAL, t...		\N	4.23.2	\N	\N	8593992115
3.4.1	psilva@redhat.com	META-INF/jpa-changelog-3.4.1.xml	2023-10-29 15:39:53.125904	52	EXECUTED	9:5a6bb36cbefb6a9d6928452c0852af2d	modifyDataType columnName=VALUE, tableName=CLIENT_ATTRIBUTES		\N	4.23.2	\N	\N	8593992115
3.4.2	keycloak	META-INF/jpa-changelog-3.4.2.xml	2023-10-29 15:39:53.126919	53	EXECUTED	9:8f23e334dbc59f82e0a328373ca6ced0	update tableName=REALM		\N	4.23.2	\N	\N	8593992115
3.4.2-KEYCLOAK-5172	mkanis@redhat.com	META-INF/jpa-changelog-3.4.2.xml	2023-10-29 15:39:53.127985	54	EXECUTED	9:9156214268f09d970cdf0e1564d866af	update tableName=CLIENT		\N	4.23.2	\N	\N	8593992115
4.0.0-KEYCLOAK-6335	bburke@redhat.com	META-INF/jpa-changelog-4.0.0.xml	2023-10-29 15:39:53.130476	55	EXECUTED	9:db806613b1ed154826c02610b7dbdf74	createTable tableName=CLIENT_AUTH_FLOW_BINDINGS; addPrimaryKey constraintName=C_CLI_FLOW_BIND, tableName=CLIENT_AUTH_FLOW_BINDINGS		\N	4.23.2	\N	\N	8593992115
4.0.0-CLEANUP-UNUSED-TABLE	bburke@redhat.com	META-INF/jpa-changelog-4.0.0.xml	2023-10-29 15:39:53.132156	56	EXECUTED	9:229a041fb72d5beac76bb94a5fa709de	dropTable tableName=CLIENT_IDENTITY_PROV_MAPPING		\N	4.23.2	\N	\N	8593992115
4.0.0-KEYCLOAK-6228	bburke@redhat.com	META-INF/jpa-changelog-4.0.0.xml	2023-10-29 15:39:53.140285	57	EXECUTED	9:079899dade9c1e683f26b2aa9ca6ff04	dropUniqueConstraint constraintName=UK_JKUWUVD56ONTGSUHOGM8UEWRT, tableName=USER_CONSENT; dropNotNullConstraint columnName=CLIENT_ID, tableName=USER_CONSENT; addColumn tableName=USER_CONSENT; addUniqueConstraint constraintName=UK_JKUWUVD56ONTGSUHO...		\N	4.23.2	\N	\N	8593992115
4.0.0-KEYCLOAK-5579-fixed	mposolda@redhat.com	META-INF/jpa-changelog-4.0.0.xml	2023-10-29 15:39:53.176453	58	EXECUTED	9:139b79bcbbfe903bb1c2d2a4dbf001d9	dropForeignKeyConstraint baseTableName=CLIENT_TEMPLATE_ATTRIBUTES, constraintName=FK_CL_TEMPL_ATTR_TEMPL; renameTable newTableName=CLIENT_SCOPE_ATTRIBUTES, oldTableName=CLIENT_TEMPLATE_ATTRIBUTES; renameColumn newColumnName=SCOPE_ID, oldColumnName...		\N	4.23.2	\N	\N	8593992115
authz-4.0.0.CR1	psilva@redhat.com	META-INF/jpa-changelog-authz-4.0.0.CR1.xml	2023-10-29 15:39:53.188861	59	EXECUTED	9:b55738ad889860c625ba2bf483495a04	createTable tableName=RESOURCE_SERVER_PERM_TICKET; addPrimaryKey constraintName=CONSTRAINT_FAPMT, tableName=RESOURCE_SERVER_PERM_TICKET; addForeignKeyConstraint baseTableName=RESOURCE_SERVER_PERM_TICKET, constraintName=FK_FRSRHO213XCX4WNKOG82SSPMT...		\N	4.23.2	\N	\N	8593992115
authz-4.0.0.Beta3	psilva@redhat.com	META-INF/jpa-changelog-authz-4.0.0.Beta3.xml	2023-10-29 15:39:53.191366	60	EXECUTED	9:e0057eac39aa8fc8e09ac6cfa4ae15fe	addColumn tableName=RESOURCE_SERVER_POLICY; addColumn tableName=RESOURCE_SERVER_PERM_TICKET; addForeignKeyConstraint baseTableName=RESOURCE_SERVER_PERM_TICKET, constraintName=FK_FRSRPO2128CX4WNKOG82SSRFY, referencedTableName=RESOURCE_SERVER_POLICY		\N	4.23.2	\N	\N	8593992115
authz-4.2.0.Final	mhajas@redhat.com	META-INF/jpa-changelog-authz-4.2.0.Final.xml	2023-10-29 15:39:53.194599	61	EXECUTED	9:42a33806f3a0443fe0e7feeec821326c	createTable tableName=RESOURCE_URIS; addForeignKeyConstraint baseTableName=RESOURCE_URIS, constraintName=FK_RESOURCE_SERVER_URIS, referencedTableName=RESOURCE_SERVER_RESOURCE; customChange; dropColumn columnName=URI, tableName=RESOURCE_SERVER_RESO...		\N	4.23.2	\N	\N	8593992115
authz-4.2.0.Final-KEYCLOAK-9944	hmlnarik@redhat.com	META-INF/jpa-changelog-authz-4.2.0.Final.xml	2023-10-29 15:39:53.196525	62	EXECUTED	9:9968206fca46eecc1f51db9c024bfe56	addPrimaryKey constraintName=CONSTRAINT_RESOUR_URIS_PK, tableName=RESOURCE_URIS		\N	4.23.2	\N	\N	8593992115
4.2.0-KEYCLOAK-6313	wadahiro@gmail.com	META-INF/jpa-changelog-4.2.0.xml	2023-10-29 15:39:53.19761	63	EXECUTED	9:92143a6daea0a3f3b8f598c97ce55c3d	addColumn tableName=REQUIRED_ACTION_PROVIDER		\N	4.23.2	\N	\N	8593992115
4.3.0-KEYCLOAK-7984	wadahiro@gmail.com	META-INF/jpa-changelog-4.3.0.xml	2023-10-29 15:39:53.198753	64	EXECUTED	9:82bab26a27195d889fb0429003b18f40	update tableName=REQUIRED_ACTION_PROVIDER		\N	4.23.2	\N	\N	8593992115
4.6.0-KEYCLOAK-7950	psilva@redhat.com	META-INF/jpa-changelog-4.6.0.xml	2023-10-29 15:39:53.199758	65	EXECUTED	9:e590c88ddc0b38b0ae4249bbfcb5abc3	update tableName=RESOURCE_SERVER_RESOURCE		\N	4.23.2	\N	\N	8593992115
4.6.0-KEYCLOAK-8377	keycloak	META-INF/jpa-changelog-4.6.0.xml	2023-10-29 15:39:53.204989	66	EXECUTED	9:5c1f475536118dbdc38d5d7977950cc0	createTable tableName=ROLE_ATTRIBUTE; addPrimaryKey constraintName=CONSTRAINT_ROLE_ATTRIBUTE_PK, tableName=ROLE_ATTRIBUTE; addForeignKeyConstraint baseTableName=ROLE_ATTRIBUTE, constraintName=FK_ROLE_ATTRIBUTE_ID, referencedTableName=KEYCLOAK_ROLE...		\N	4.23.2	\N	\N	8593992115
4.6.0-KEYCLOAK-8555	gideonray@gmail.com	META-INF/jpa-changelog-4.6.0.xml	2023-10-29 15:39:53.207014	67	EXECUTED	9:e7c9f5f9c4d67ccbbcc215440c718a17	createIndex indexName=IDX_COMPONENT_PROVIDER_TYPE, tableName=COMPONENT		\N	4.23.2	\N	\N	8593992115
4.7.0-KEYCLOAK-1267	sguilhen@redhat.com	META-INF/jpa-changelog-4.7.0.xml	2023-10-29 15:39:53.208555	68	EXECUTED	9:88e0bfdda924690d6f4e430c53447dd5	addColumn tableName=REALM		\N	4.23.2	\N	\N	8593992115
4.7.0-KEYCLOAK-7275	keycloak	META-INF/jpa-changelog-4.7.0.xml	2023-10-29 15:39:53.213726	69	EXECUTED	9:f53177f137e1c46b6a88c59ec1cb5218	renameColumn newColumnName=CREATED_ON, oldColumnName=LAST_SESSION_REFRESH, tableName=OFFLINE_USER_SESSION; addNotNullConstraint columnName=CREATED_ON, tableName=OFFLINE_USER_SESSION; addColumn tableName=OFFLINE_USER_SESSION; customChange; createIn...		\N	4.23.2	\N	\N	8593992115
4.8.0-KEYCLOAK-8835	sguilhen@redhat.com	META-INF/jpa-changelog-4.8.0.xml	2023-10-29 15:39:53.216356	70	EXECUTED	9:a74d33da4dc42a37ec27121580d1459f	addNotNullConstraint columnName=SSO_MAX_LIFESPAN_REMEMBER_ME, tableName=REALM; addNotNullConstraint columnName=SSO_IDLE_TIMEOUT_REMEMBER_ME, tableName=REALM		\N	4.23.2	\N	\N	8593992115
authz-7.0.0-KEYCLOAK-10443	psilva@redhat.com	META-INF/jpa-changelog-authz-7.0.0.xml	2023-10-29 15:39:53.218088	71	EXECUTED	9:fd4ade7b90c3b67fae0bfcfcb42dfb5f	addColumn tableName=RESOURCE_SERVER		\N	4.23.2	\N	\N	8593992115
8.0.0-adding-credential-columns	keycloak	META-INF/jpa-changelog-8.0.0.xml	2023-10-29 15:39:53.220142	72	EXECUTED	9:aa072ad090bbba210d8f18781b8cebf4	addColumn tableName=CREDENTIAL; addColumn tableName=FED_USER_CREDENTIAL		\N	4.23.2	\N	\N	8593992115
8.0.0-updating-credential-data-not-oracle-fixed	keycloak	META-INF/jpa-changelog-8.0.0.xml	2023-10-29 15:39:53.222736	73	EXECUTED	9:1ae6be29bab7c2aa376f6983b932be37	update tableName=CREDENTIAL; update tableName=CREDENTIAL; update tableName=CREDENTIAL; update tableName=FED_USER_CREDENTIAL; update tableName=FED_USER_CREDENTIAL; update tableName=FED_USER_CREDENTIAL		\N	4.23.2	\N	\N	8593992115
8.0.0-updating-credential-data-oracle-fixed	keycloak	META-INF/jpa-changelog-8.0.0.xml	2023-10-29 15:39:53.223904	74	MARK_RAN	9:14706f286953fc9a25286dbd8fb30d97	update tableName=CREDENTIAL; update tableName=CREDENTIAL; update tableName=CREDENTIAL; update tableName=FED_USER_CREDENTIAL; update tableName=FED_USER_CREDENTIAL; update tableName=FED_USER_CREDENTIAL		\N	4.23.2	\N	\N	8593992115
8.0.0-credential-cleanup-fixed	keycloak	META-INF/jpa-changelog-8.0.0.xml	2023-10-29 15:39:53.230279	75	EXECUTED	9:2b9cc12779be32c5b40e2e67711a218b	dropDefaultValue columnName=COUNTER, tableName=CREDENTIAL; dropDefaultValue columnName=DIGITS, tableName=CREDENTIAL; dropDefaultValue columnName=PERIOD, tableName=CREDENTIAL; dropDefaultValue columnName=ALGORITHM, tableName=CREDENTIAL; dropColumn ...		\N	4.23.2	\N	\N	8593992115
8.0.0-resource-tag-support	keycloak	META-INF/jpa-changelog-8.0.0.xml	2023-10-29 15:39:53.232897	76	EXECUTED	9:91fa186ce7a5af127a2d7a91ee083cc5	addColumn tableName=MIGRATION_MODEL; createIndex indexName=IDX_UPDATE_TIME, tableName=MIGRATION_MODEL		\N	4.23.2	\N	\N	8593992115
9.0.0-always-display-client	keycloak	META-INF/jpa-changelog-9.0.0.xml	2023-10-29 15:39:53.234186	77	EXECUTED	9:6335e5c94e83a2639ccd68dd24e2e5ad	addColumn tableName=CLIENT		\N	4.23.2	\N	\N	8593992115
9.0.0-drop-constraints-for-column-increase	keycloak	META-INF/jpa-changelog-9.0.0.xml	2023-10-29 15:39:53.234797	78	MARK_RAN	9:6bdb5658951e028bfe16fa0a8228b530	dropUniqueConstraint constraintName=UK_FRSR6T700S9V50BU18WS5PMT, tableName=RESOURCE_SERVER_PERM_TICKET; dropUniqueConstraint constraintName=UK_FRSR6T700S9V50BU18WS5HA6, tableName=RESOURCE_SERVER_RESOURCE; dropPrimaryKey constraintName=CONSTRAINT_O...		\N	4.23.2	\N	\N	8593992115
9.0.0-increase-column-size-federated-fk	keycloak	META-INF/jpa-changelog-9.0.0.xml	2023-10-29 15:39:53.242514	79	EXECUTED	9:d5bc15a64117ccad481ce8792d4c608f	modifyDataType columnName=CLIENT_ID, tableName=FED_USER_CONSENT; modifyDataType columnName=CLIENT_REALM_CONSTRAINT, tableName=KEYCLOAK_ROLE; modifyDataType columnName=OWNER, tableName=RESOURCE_SERVER_POLICY; modifyDataType columnName=CLIENT_ID, ta...		\N	4.23.2	\N	\N	8593992115
9.0.0-recreate-constraints-after-column-increase	keycloak	META-INF/jpa-changelog-9.0.0.xml	2023-10-29 15:39:53.244265	80	MARK_RAN	9:077cba51999515f4d3e7ad5619ab592c	addNotNullConstraint columnName=CLIENT_ID, tableName=OFFLINE_CLIENT_SESSION; addNotNullConstraint columnName=OWNER, tableName=RESOURCE_SERVER_PERM_TICKET; addNotNullConstraint columnName=REQUESTER, tableName=RESOURCE_SERVER_PERM_TICKET; addNotNull...		\N	4.23.2	\N	\N	8593992115
9.0.1-add-index-to-client.client_id	keycloak	META-INF/jpa-changelog-9.0.1.xml	2023-10-29 15:39:53.247415	81	EXECUTED	9:be969f08a163bf47c6b9e9ead8ac2afb	createIndex indexName=IDX_CLIENT_ID, tableName=CLIENT		\N	4.23.2	\N	\N	8593992115
9.0.1-KEYCLOAK-12579-drop-constraints	keycloak	META-INF/jpa-changelog-9.0.1.xml	2023-10-29 15:39:53.248058	82	MARK_RAN	9:6d3bb4408ba5a72f39bd8a0b301ec6e3	dropUniqueConstraint constraintName=SIBLING_NAMES, tableName=KEYCLOAK_GROUP		\N	4.23.2	\N	\N	8593992115
9.0.1-KEYCLOAK-12579-add-not-null-constraint	keycloak	META-INF/jpa-changelog-9.0.1.xml	2023-10-29 15:39:53.249646	83	EXECUTED	9:966bda61e46bebf3cc39518fbed52fa7	addNotNullConstraint columnName=PARENT_GROUP, tableName=KEYCLOAK_GROUP		\N	4.23.2	\N	\N	8593992115
9.0.1-KEYCLOAK-12579-recreate-constraints	keycloak	META-INF/jpa-changelog-9.0.1.xml	2023-10-29 15:39:53.250363	84	MARK_RAN	9:8dcac7bdf7378e7d823cdfddebf72fda	addUniqueConstraint constraintName=SIBLING_NAMES, tableName=KEYCLOAK_GROUP		\N	4.23.2	\N	\N	8593992115
9.0.1-add-index-to-events	keycloak	META-INF/jpa-changelog-9.0.1.xml	2023-10-29 15:39:53.252426	85	EXECUTED	9:7d93d602352a30c0c317e6a609b56599	createIndex indexName=IDX_EVENT_TIME, tableName=EVENT_ENTITY		\N	4.23.2	\N	\N	8593992115
map-remove-ri	keycloak	META-INF/jpa-changelog-11.0.0.xml	2023-10-29 15:39:53.254047	86	EXECUTED	9:71c5969e6cdd8d7b6f47cebc86d37627	dropForeignKeyConstraint baseTableName=REALM, constraintName=FK_TRAF444KK6QRKMS7N56AIWQ5Y; dropForeignKeyConstraint baseTableName=KEYCLOAK_ROLE, constraintName=FK_KJHO5LE2C0RAL09FL8CM9WFW9		\N	4.23.2	\N	\N	8593992115
map-remove-ri	keycloak	META-INF/jpa-changelog-12.0.0.xml	2023-10-29 15:39:53.25649	87	EXECUTED	9:a9ba7d47f065f041b7da856a81762021	dropForeignKeyConstraint baseTableName=REALM_DEFAULT_GROUPS, constraintName=FK_DEF_GROUPS_GROUP; dropForeignKeyConstraint baseTableName=REALM_DEFAULT_ROLES, constraintName=FK_H4WPD7W4HSOOLNI3H0SW7BTJE; dropForeignKeyConstraint baseTableName=CLIENT...		\N	4.23.2	\N	\N	8593992115
12.1.0-add-realm-localization-table	keycloak	META-INF/jpa-changelog-12.0.0.xml	2023-10-29 15:39:53.259692	88	EXECUTED	9:fffabce2bc01e1a8f5110d5278500065	createTable tableName=REALM_LOCALIZATIONS; addPrimaryKey tableName=REALM_LOCALIZATIONS		\N	4.23.2	\N	\N	8593992115
default-roles	keycloak	META-INF/jpa-changelog-13.0.0.xml	2023-10-29 15:39:53.26181	89	EXECUTED	9:fa8a5b5445e3857f4b010bafb5009957	addColumn tableName=REALM; customChange		\N	4.23.2	\N	\N	8593992115
default-roles-cleanup	keycloak	META-INF/jpa-changelog-13.0.0.xml	2023-10-29 15:39:53.263843	90	EXECUTED	9:67ac3241df9a8582d591c5ed87125f39	dropTable tableName=REALM_DEFAULT_ROLES; dropTable tableName=CLIENT_DEFAULT_ROLES		\N	4.23.2	\N	\N	8593992115
13.0.0-KEYCLOAK-16844	keycloak	META-INF/jpa-changelog-13.0.0.xml	2023-10-29 15:39:53.265724	91	EXECUTED	9:ad1194d66c937e3ffc82386c050ba089	createIndex indexName=IDX_OFFLINE_USS_PRELOAD, tableName=OFFLINE_USER_SESSION		\N	4.23.2	\N	\N	8593992115
map-remove-ri-13.0.0	keycloak	META-INF/jpa-changelog-13.0.0.xml	2023-10-29 15:39:53.269145	92	EXECUTED	9:d9be619d94af5a2f5d07b9f003543b91	dropForeignKeyConstraint baseTableName=DEFAULT_CLIENT_SCOPE, constraintName=FK_R_DEF_CLI_SCOPE_SCOPE; dropForeignKeyConstraint baseTableName=CLIENT_SCOPE_CLIENT, constraintName=FK_C_CLI_SCOPE_SCOPE; dropForeignKeyConstraint baseTableName=CLIENT_SC...		\N	4.23.2	\N	\N	8593992115
13.0.0-KEYCLOAK-17992-drop-constraints	keycloak	META-INF/jpa-changelog-13.0.0.xml	2023-10-29 15:39:53.269776	93	MARK_RAN	9:544d201116a0fcc5a5da0925fbbc3bde	dropPrimaryKey constraintName=C_CLI_SCOPE_BIND, tableName=CLIENT_SCOPE_CLIENT; dropIndex indexName=IDX_CLSCOPE_CL, tableName=CLIENT_SCOPE_CLIENT; dropIndex indexName=IDX_CL_CLSCOPE, tableName=CLIENT_SCOPE_CLIENT		\N	4.23.2	\N	\N	8593992115
13.0.0-increase-column-size-federated	keycloak	META-INF/jpa-changelog-13.0.0.xml	2023-10-29 15:39:53.272454	94	EXECUTED	9:43c0c1055b6761b4b3e89de76d612ccf	modifyDataType columnName=CLIENT_ID, tableName=CLIENT_SCOPE_CLIENT; modifyDataType columnName=SCOPE_ID, tableName=CLIENT_SCOPE_CLIENT		\N	4.23.2	\N	\N	8593992115
13.0.0-KEYCLOAK-17992-recreate-constraints	keycloak	META-INF/jpa-changelog-13.0.0.xml	2023-10-29 15:39:53.273612	95	MARK_RAN	9:8bd711fd0330f4fe980494ca43ab1139	addNotNullConstraint columnName=CLIENT_ID, tableName=CLIENT_SCOPE_CLIENT; addNotNullConstraint columnName=SCOPE_ID, tableName=CLIENT_SCOPE_CLIENT; addPrimaryKey constraintName=C_CLI_SCOPE_BIND, tableName=CLIENT_SCOPE_CLIENT; createIndex indexName=...		\N	4.23.2	\N	\N	8593992115
json-string-accomodation-fixed	keycloak	META-INF/jpa-changelog-13.0.0.xml	2023-10-29 15:39:53.275918	96	EXECUTED	9:e07d2bc0970c348bb06fb63b1f82ddbf	addColumn tableName=REALM_ATTRIBUTE; update tableName=REALM_ATTRIBUTE; dropColumn columnName=VALUE, tableName=REALM_ATTRIBUTE; renameColumn newColumnName=VALUE, oldColumnName=VALUE_NEW, tableName=REALM_ATTRIBUTE		\N	4.23.2	\N	\N	8593992115
14.0.0-KEYCLOAK-11019	keycloak	META-INF/jpa-changelog-14.0.0.xml	2023-10-29 15:39:53.279407	97	EXECUTED	9:24fb8611e97f29989bea412aa38d12b7	createIndex indexName=IDX_OFFLINE_CSS_PRELOAD, tableName=OFFLINE_CLIENT_SESSION; createIndex indexName=IDX_OFFLINE_USS_BY_USER, tableName=OFFLINE_USER_SESSION; createIndex indexName=IDX_OFFLINE_USS_BY_USERSESS, tableName=OFFLINE_USER_SESSION		\N	4.23.2	\N	\N	8593992115
14.0.0-KEYCLOAK-18286	keycloak	META-INF/jpa-changelog-14.0.0.xml	2023-10-29 15:39:53.28002	98	MARK_RAN	9:259f89014ce2506ee84740cbf7163aa7	createIndex indexName=IDX_CLIENT_ATT_BY_NAME_VALUE, tableName=CLIENT_ATTRIBUTES		\N	4.23.2	\N	\N	8593992115
14.0.0-KEYCLOAK-18286-revert	keycloak	META-INF/jpa-changelog-14.0.0.xml	2023-10-29 15:39:53.282906	99	MARK_RAN	9:04baaf56c116ed19951cbc2cca584022	dropIndex indexName=IDX_CLIENT_ATT_BY_NAME_VALUE, tableName=CLIENT_ATTRIBUTES		\N	4.23.2	\N	\N	8593992115
14.0.0-KEYCLOAK-18286-supported-dbs	keycloak	META-INF/jpa-changelog-14.0.0.xml	2023-10-29 15:39:53.285181	100	EXECUTED	9:60ca84a0f8c94ec8c3504a5a3bc88ee8	createIndex indexName=IDX_CLIENT_ATT_BY_NAME_VALUE, tableName=CLIENT_ATTRIBUTES		\N	4.23.2	\N	\N	8593992115
14.0.0-KEYCLOAK-18286-unsupported-dbs	keycloak	META-INF/jpa-changelog-14.0.0.xml	2023-10-29 15:39:53.285833	101	MARK_RAN	9:d3d977031d431db16e2c181ce49d73e9	createIndex indexName=IDX_CLIENT_ATT_BY_NAME_VALUE, tableName=CLIENT_ATTRIBUTES		\N	4.23.2	\N	\N	8593992115
KEYCLOAK-17267-add-index-to-user-attributes	keycloak	META-INF/jpa-changelog-14.0.0.xml	2023-10-29 15:39:53.287786	102	EXECUTED	9:0b305d8d1277f3a89a0a53a659ad274c	createIndex indexName=IDX_USER_ATTRIBUTE_NAME, tableName=USER_ATTRIBUTE		\N	4.23.2	\N	\N	8593992115
KEYCLOAK-18146-add-saml-art-binding-identifier	keycloak	META-INF/jpa-changelog-14.0.0.xml	2023-10-29 15:39:53.289239	103	EXECUTED	9:2c374ad2cdfe20e2905a84c8fac48460	customChange		\N	4.23.2	\N	\N	8593992115
15.0.0-KEYCLOAK-18467	keycloak	META-INF/jpa-changelog-15.0.0.xml	2023-10-29 15:39:53.291222	104	EXECUTED	9:47a760639ac597360a8219f5b768b4de	addColumn tableName=REALM_LOCALIZATIONS; update tableName=REALM_LOCALIZATIONS; dropColumn columnName=TEXTS, tableName=REALM_LOCALIZATIONS; renameColumn newColumnName=TEXTS, oldColumnName=TEXTS_NEW, tableName=REALM_LOCALIZATIONS; addNotNullConstrai...		\N	4.23.2	\N	\N	8593992115
17.0.0-9562	keycloak	META-INF/jpa-changelog-17.0.0.xml	2023-10-29 15:39:53.293186	105	EXECUTED	9:a6272f0576727dd8cad2522335f5d99e	createIndex indexName=IDX_USER_SERVICE_ACCOUNT, tableName=USER_ENTITY		\N	4.23.2	\N	\N	8593992115
18.0.0-10625-IDX_ADMIN_EVENT_TIME	keycloak	META-INF/jpa-changelog-18.0.0.xml	2023-10-29 15:39:53.294775	106	EXECUTED	9:015479dbd691d9cc8669282f4828c41d	createIndex indexName=IDX_ADMIN_EVENT_TIME, tableName=ADMIN_EVENT_ENTITY		\N	4.23.2	\N	\N	8593992115
19.0.0-10135	keycloak	META-INF/jpa-changelog-19.0.0.xml	2023-10-29 15:39:53.296222	107	EXECUTED	9:9518e495fdd22f78ad6425cc30630221	customChange		\N	4.23.2	\N	\N	8593992115
20.0.0-12964-supported-dbs	keycloak	META-INF/jpa-changelog-20.0.0.xml	2023-10-29 15:39:53.298348	108	EXECUTED	9:e5f243877199fd96bcc842f27a1656ac	createIndex indexName=IDX_GROUP_ATT_BY_NAME_VALUE, tableName=GROUP_ATTRIBUTE		\N	4.23.2	\N	\N	8593992115
20.0.0-12964-unsupported-dbs	keycloak	META-INF/jpa-changelog-20.0.0.xml	2023-10-29 15:39:53.298926	109	MARK_RAN	9:1a6fcaa85e20bdeae0a9ce49b41946a5	createIndex indexName=IDX_GROUP_ATT_BY_NAME_VALUE, tableName=GROUP_ATTRIBUTE		\N	4.23.2	\N	\N	8593992115
client-attributes-string-accomodation-fixed	keycloak	META-INF/jpa-changelog-20.0.0.xml	2023-10-29 15:39:53.301732	110	EXECUTED	9:3f332e13e90739ed0c35b0b25b7822ca	addColumn tableName=CLIENT_ATTRIBUTES; update tableName=CLIENT_ATTRIBUTES; dropColumn columnName=VALUE, tableName=CLIENT_ATTRIBUTES; renameColumn newColumnName=VALUE, oldColumnName=VALUE_NEW, tableName=CLIENT_ATTRIBUTES		\N	4.23.2	\N	\N	8593992115
21.0.2-17277	keycloak	META-INF/jpa-changelog-21.0.2.xml	2023-10-29 15:39:53.30311	111	EXECUTED	9:7ee1f7a3fb8f5588f171fb9a6ab623c0	customChange		\N	4.23.2	\N	\N	8593992115
21.1.0-19404	keycloak	META-INF/jpa-changelog-21.1.0.xml	2023-10-29 15:39:53.310511	112	EXECUTED	9:3d7e830b52f33676b9d64f7f2b2ea634	modifyDataType columnName=DECISION_STRATEGY, tableName=RESOURCE_SERVER_POLICY; modifyDataType columnName=LOGIC, tableName=RESOURCE_SERVER_POLICY; modifyDataType columnName=POLICY_ENFORCE_MODE, tableName=RESOURCE_SERVER		\N	4.23.2	\N	\N	8593992115
21.1.0-19404-2	keycloak	META-INF/jpa-changelog-21.1.0.xml	2023-10-29 15:39:53.312034	113	MARK_RAN	9:627d032e3ef2c06c0e1f73d2ae25c26c	addColumn tableName=RESOURCE_SERVER_POLICY; update tableName=RESOURCE_SERVER_POLICY; dropColumn columnName=DECISION_STRATEGY, tableName=RESOURCE_SERVER_POLICY; renameColumn newColumnName=DECISION_STRATEGY, oldColumnName=DECISION_STRATEGY_NEW, tabl...		\N	4.23.2	\N	\N	8593992115
22.0.0-17484-updated	keycloak	META-INF/jpa-changelog-22.0.0.xml	2023-10-29 15:39:53.31431	114	EXECUTED	9:90af0bfd30cafc17b9f4d6eccd92b8b3	customChange		\N	4.23.2	\N	\N	8593992115
22.0.5-24031	keycloak	META-INF/jpa-changelog-22.0.0.xml	2023-10-29 15:39:53.314954	115	MARK_RAN	9:a60d2d7b315ec2d3eba9e2f145f9df28	customChange		\N	4.23.2	\N	\N	8593992115
\.


--
-- Data for Name: databasechangeloglock; Type: TABLE DATA; Schema: public; Owner: keycloak
--

COPY public.databasechangeloglock (id, locked, lockgranted, lockedby) FROM stdin;
1	f	\N	\N
1000	f	\N	\N
1001	f	\N	\N
\.


--
-- Data for Name: default_client_scope; Type: TABLE DATA; Schema: public; Owner: keycloak
--

COPY public.default_client_scope (realm_id, scope_id, default_scope) FROM stdin;
c4049252-49df-41a9-aef7-48d83ef55b9b	0a22b80a-3a76-4f77-bd61-57f3cadd2be9	f
c4049252-49df-41a9-aef7-48d83ef55b9b	5cdc5c81-7fb6-4f44-8700-a7c3adff5f88	t
c4049252-49df-41a9-aef7-48d83ef55b9b	8a0c40eb-d40d-4251-9b2d-76e3237c6607	t
c4049252-49df-41a9-aef7-48d83ef55b9b	3d28a2fb-9ad1-4ca7-90c8-c33e99daa777	t
c4049252-49df-41a9-aef7-48d83ef55b9b	f298579b-7724-4565-af9c-6efdd6082860	f
c4049252-49df-41a9-aef7-48d83ef55b9b	a2686296-d3ad-4bf6-89ea-43721a012e03	f
c4049252-49df-41a9-aef7-48d83ef55b9b	96380d5b-e4a3-4735-8e58-2bceadd99129	t
c4049252-49df-41a9-aef7-48d83ef55b9b	dab6c561-22d3-4db8-8fc3-8903df2c82ed	t
c4049252-49df-41a9-aef7-48d83ef55b9b	246a65b1-ff00-4e73-beb6-a25f394e2e47	f
c4049252-49df-41a9-aef7-48d83ef55b9b	b1ddd251-07ac-4998-b90c-dd8d6a349d31	t
144c0b69-8ccd-41f8-8b1c-ae9ff24bac0a	9cedb86c-28d0-42b5-945f-e0f11a78c5e3	f
144c0b69-8ccd-41f8-8b1c-ae9ff24bac0a	b43942d2-5391-4b9c-ad0f-d6661bd9937d	t
144c0b69-8ccd-41f8-8b1c-ae9ff24bac0a	0eaf6d7e-2d08-47d1-8894-52d185c66ff3	t
144c0b69-8ccd-41f8-8b1c-ae9ff24bac0a	2b788c09-2a4a-4b8b-9cdd-22160e1456ba	t
144c0b69-8ccd-41f8-8b1c-ae9ff24bac0a	9b2dad39-8598-4b0b-b6a5-0d1a7773e6d1	f
144c0b69-8ccd-41f8-8b1c-ae9ff24bac0a	8074c632-a4ac-4680-a066-261a3cf0c641	f
144c0b69-8ccd-41f8-8b1c-ae9ff24bac0a	2c3494c0-4620-4a38-85e1-b5a21f7d89fa	t
144c0b69-8ccd-41f8-8b1c-ae9ff24bac0a	1719ac57-9b55-456f-a72d-ef7310fc6e18	t
144c0b69-8ccd-41f8-8b1c-ae9ff24bac0a	0943b915-e341-4e62-8b3f-2fb952439ba8	f
144c0b69-8ccd-41f8-8b1c-ae9ff24bac0a	797314fe-1913-40f4-8efb-44123269c71f	t
\.


--
-- Data for Name: event_entity; Type: TABLE DATA; Schema: public; Owner: keycloak
--

COPY public.event_entity (id, client_id, details_json, error, ip_address, realm_id, session_id, event_time, type, user_id) FROM stdin;
\.


--
-- Data for Name: fed_user_attribute; Type: TABLE DATA; Schema: public; Owner: keycloak
--

COPY public.fed_user_attribute (id, name, user_id, realm_id, storage_provider_id, value) FROM stdin;
\.


--
-- Data for Name: fed_user_consent; Type: TABLE DATA; Schema: public; Owner: keycloak
--

COPY public.fed_user_consent (id, client_id, user_id, realm_id, storage_provider_id, created_date, last_updated_date, client_storage_provider, external_client_id) FROM stdin;
\.


--
-- Data for Name: fed_user_consent_cl_scope; Type: TABLE DATA; Schema: public; Owner: keycloak
--

COPY public.fed_user_consent_cl_scope (user_consent_id, scope_id) FROM stdin;
\.


--
-- Data for Name: fed_user_credential; Type: TABLE DATA; Schema: public; Owner: keycloak
--

COPY public.fed_user_credential (id, salt, type, created_date, user_id, realm_id, storage_provider_id, user_label, secret_data, credential_data, priority) FROM stdin;
\.


--
-- Data for Name: fed_user_group_membership; Type: TABLE DATA; Schema: public; Owner: keycloak
--

COPY public.fed_user_group_membership (group_id, user_id, realm_id, storage_provider_id) FROM stdin;
\.


--
-- Data for Name: fed_user_required_action; Type: TABLE DATA; Schema: public; Owner: keycloak
--

COPY public.fed_user_required_action (required_action, user_id, realm_id, storage_provider_id) FROM stdin;
\.


--
-- Data for Name: fed_user_role_mapping; Type: TABLE DATA; Schema: public; Owner: keycloak
--

COPY public.fed_user_role_mapping (role_id, user_id, realm_id, storage_provider_id) FROM stdin;
\.


--
-- Data for Name: federated_identity; Type: TABLE DATA; Schema: public; Owner: keycloak
--

COPY public.federated_identity (identity_provider, realm_id, federated_user_id, federated_username, token, user_id) FROM stdin;
\.


--
-- Data for Name: federated_user; Type: TABLE DATA; Schema: public; Owner: keycloak
--

COPY public.federated_user (id, storage_provider_id, realm_id) FROM stdin;
\.


--
-- Data for Name: group_attribute; Type: TABLE DATA; Schema: public; Owner: keycloak
--

COPY public.group_attribute (id, name, value, group_id) FROM stdin;
\.


--
-- Data for Name: group_role_mapping; Type: TABLE DATA; Schema: public; Owner: keycloak
--

COPY public.group_role_mapping (role_id, group_id) FROM stdin;
\.


--
-- Data for Name: identity_provider; Type: TABLE DATA; Schema: public; Owner: keycloak
--

COPY public.identity_provider (internal_id, enabled, provider_alias, provider_id, store_token, authenticate_by_default, realm_id, add_token_role, trust_email, first_broker_login_flow_id, post_broker_login_flow_id, provider_display_name, link_only) FROM stdin;
\.


--
-- Data for Name: identity_provider_config; Type: TABLE DATA; Schema: public; Owner: keycloak
--

COPY public.identity_provider_config (identity_provider_id, value, name) FROM stdin;
\.


--
-- Data for Name: identity_provider_mapper; Type: TABLE DATA; Schema: public; Owner: keycloak
--

COPY public.identity_provider_mapper (id, name, idp_alias, idp_mapper_name, realm_id) FROM stdin;
\.


--
-- Data for Name: idp_mapper_config; Type: TABLE DATA; Schema: public; Owner: keycloak
--

COPY public.idp_mapper_config (idp_mapper_id, value, name) FROM stdin;
\.


--
-- Data for Name: keycloak_group; Type: TABLE DATA; Schema: public; Owner: keycloak
--

COPY public.keycloak_group (id, name, parent_group, realm_id) FROM stdin;
\.


--
-- Data for Name: keycloak_role; Type: TABLE DATA; Schema: public; Owner: keycloak
--

COPY public.keycloak_role (id, client_realm_constraint, client_role, description, name, realm_id, client, realm) FROM stdin;
1102e6ef-567c-495f-9704-609b8439f6ed	c4049252-49df-41a9-aef7-48d83ef55b9b	f	${role_default-roles}	default-roles-master	c4049252-49df-41a9-aef7-48d83ef55b9b	\N	\N
46550935-9d8b-463d-acb7-76e5914619fc	c4049252-49df-41a9-aef7-48d83ef55b9b	f	${role_admin}	admin	c4049252-49df-41a9-aef7-48d83ef55b9b	\N	\N
fd39b5c8-cb22-4300-8360-90b1e78b203f	c4049252-49df-41a9-aef7-48d83ef55b9b	f	${role_create-realm}	create-realm	c4049252-49df-41a9-aef7-48d83ef55b9b	\N	\N
f1393577-a95d-4b9c-bdb5-acbb7659ec49	132571df-6d24-4658-b2eb-d230a357820c	t	${role_create-client}	create-client	c4049252-49df-41a9-aef7-48d83ef55b9b	132571df-6d24-4658-b2eb-d230a357820c	\N
3a797a27-ced8-4019-b89c-be3f96768fef	132571df-6d24-4658-b2eb-d230a357820c	t	${role_view-realm}	view-realm	c4049252-49df-41a9-aef7-48d83ef55b9b	132571df-6d24-4658-b2eb-d230a357820c	\N
e07412c0-ef2c-45c2-ac71-9b5bca3a1d0e	132571df-6d24-4658-b2eb-d230a357820c	t	${role_view-users}	view-users	c4049252-49df-41a9-aef7-48d83ef55b9b	132571df-6d24-4658-b2eb-d230a357820c	\N
9000313e-62c1-4d0f-8225-74cb6271bad0	132571df-6d24-4658-b2eb-d230a357820c	t	${role_view-clients}	view-clients	c4049252-49df-41a9-aef7-48d83ef55b9b	132571df-6d24-4658-b2eb-d230a357820c	\N
8dc00b7f-a0e9-4d6e-a0a8-6792164c82d6	132571df-6d24-4658-b2eb-d230a357820c	t	${role_view-events}	view-events	c4049252-49df-41a9-aef7-48d83ef55b9b	132571df-6d24-4658-b2eb-d230a357820c	\N
4a1f2e56-820e-4c65-af39-74f9fded83e9	132571df-6d24-4658-b2eb-d230a357820c	t	${role_view-identity-providers}	view-identity-providers	c4049252-49df-41a9-aef7-48d83ef55b9b	132571df-6d24-4658-b2eb-d230a357820c	\N
805f4dd7-9b86-4677-91b8-827b14eb31ad	132571df-6d24-4658-b2eb-d230a357820c	t	${role_view-authorization}	view-authorization	c4049252-49df-41a9-aef7-48d83ef55b9b	132571df-6d24-4658-b2eb-d230a357820c	\N
3f88eb66-8324-42bd-8b5b-1f51b3a717b1	132571df-6d24-4658-b2eb-d230a357820c	t	${role_manage-realm}	manage-realm	c4049252-49df-41a9-aef7-48d83ef55b9b	132571df-6d24-4658-b2eb-d230a357820c	\N
bd4d1300-f534-4e16-9310-559b9109fea7	132571df-6d24-4658-b2eb-d230a357820c	t	${role_manage-users}	manage-users	c4049252-49df-41a9-aef7-48d83ef55b9b	132571df-6d24-4658-b2eb-d230a357820c	\N
e692941f-c589-49f7-aa22-e7b8f298a3a8	132571df-6d24-4658-b2eb-d230a357820c	t	${role_manage-clients}	manage-clients	c4049252-49df-41a9-aef7-48d83ef55b9b	132571df-6d24-4658-b2eb-d230a357820c	\N
95a46663-9356-402e-a991-98f432ff5079	132571df-6d24-4658-b2eb-d230a357820c	t	${role_manage-events}	manage-events	c4049252-49df-41a9-aef7-48d83ef55b9b	132571df-6d24-4658-b2eb-d230a357820c	\N
6ca48090-3d61-49aa-bc01-e20c94dbb8d0	132571df-6d24-4658-b2eb-d230a357820c	t	${role_manage-identity-providers}	manage-identity-providers	c4049252-49df-41a9-aef7-48d83ef55b9b	132571df-6d24-4658-b2eb-d230a357820c	\N
0f34eb53-edb3-40a9-b861-11e1eff1935e	132571df-6d24-4658-b2eb-d230a357820c	t	${role_manage-authorization}	manage-authorization	c4049252-49df-41a9-aef7-48d83ef55b9b	132571df-6d24-4658-b2eb-d230a357820c	\N
1c4d9801-19ee-4987-9ef5-1c50e1aeb05e	132571df-6d24-4658-b2eb-d230a357820c	t	${role_query-users}	query-users	c4049252-49df-41a9-aef7-48d83ef55b9b	132571df-6d24-4658-b2eb-d230a357820c	\N
6605f11e-6eb5-4cd7-8523-be58dbb503b0	132571df-6d24-4658-b2eb-d230a357820c	t	${role_query-clients}	query-clients	c4049252-49df-41a9-aef7-48d83ef55b9b	132571df-6d24-4658-b2eb-d230a357820c	\N
0584c7d0-dc16-493c-9b26-347920d2ffb1	132571df-6d24-4658-b2eb-d230a357820c	t	${role_query-realms}	query-realms	c4049252-49df-41a9-aef7-48d83ef55b9b	132571df-6d24-4658-b2eb-d230a357820c	\N
08d7b65a-b41a-458d-b7c5-6d2757965f3d	132571df-6d24-4658-b2eb-d230a357820c	t	${role_query-groups}	query-groups	c4049252-49df-41a9-aef7-48d83ef55b9b	132571df-6d24-4658-b2eb-d230a357820c	\N
79c6e296-dba7-4181-9736-42d4fd1f83a1	e8c97b5e-b4e6-4ea7-b704-fb17a003cd6a	t	${role_view-profile}	view-profile	c4049252-49df-41a9-aef7-48d83ef55b9b	e8c97b5e-b4e6-4ea7-b704-fb17a003cd6a	\N
aa935992-177c-4b37-baf7-f5f8ae32468b	e8c97b5e-b4e6-4ea7-b704-fb17a003cd6a	t	${role_manage-account}	manage-account	c4049252-49df-41a9-aef7-48d83ef55b9b	e8c97b5e-b4e6-4ea7-b704-fb17a003cd6a	\N
4fde5f2b-6ca3-4c7a-b5e3-1df000e4ecc2	e8c97b5e-b4e6-4ea7-b704-fb17a003cd6a	t	${role_manage-account-links}	manage-account-links	c4049252-49df-41a9-aef7-48d83ef55b9b	e8c97b5e-b4e6-4ea7-b704-fb17a003cd6a	\N
b5e33e84-a831-402f-a090-c0659ef03da9	e8c97b5e-b4e6-4ea7-b704-fb17a003cd6a	t	${role_view-applications}	view-applications	c4049252-49df-41a9-aef7-48d83ef55b9b	e8c97b5e-b4e6-4ea7-b704-fb17a003cd6a	\N
25529f2b-472e-4967-bd1d-8ca4621d7c73	e8c97b5e-b4e6-4ea7-b704-fb17a003cd6a	t	${role_view-consent}	view-consent	c4049252-49df-41a9-aef7-48d83ef55b9b	e8c97b5e-b4e6-4ea7-b704-fb17a003cd6a	\N
b528aaa9-1cad-45c0-8e91-79052fcf9222	e8c97b5e-b4e6-4ea7-b704-fb17a003cd6a	t	${role_manage-consent}	manage-consent	c4049252-49df-41a9-aef7-48d83ef55b9b	e8c97b5e-b4e6-4ea7-b704-fb17a003cd6a	\N
7f13753c-dbe8-42b3-9390-ca8d2428a78b	e8c97b5e-b4e6-4ea7-b704-fb17a003cd6a	t	${role_view-groups}	view-groups	c4049252-49df-41a9-aef7-48d83ef55b9b	e8c97b5e-b4e6-4ea7-b704-fb17a003cd6a	\N
435716f4-df97-4237-97d7-e9da997efdea	e8c97b5e-b4e6-4ea7-b704-fb17a003cd6a	t	${role_delete-account}	delete-account	c4049252-49df-41a9-aef7-48d83ef55b9b	e8c97b5e-b4e6-4ea7-b704-fb17a003cd6a	\N
721fec4d-0ef4-4f85-8552-1cb1d3e1a0ba	d5552f1a-d891-405a-a414-9da39d032cd1	t	${role_read-token}	read-token	c4049252-49df-41a9-aef7-48d83ef55b9b	d5552f1a-d891-405a-a414-9da39d032cd1	\N
bc3af868-084b-4d1d-af35-c3134c13de2f	132571df-6d24-4658-b2eb-d230a357820c	t	${role_impersonation}	impersonation	c4049252-49df-41a9-aef7-48d83ef55b9b	132571df-6d24-4658-b2eb-d230a357820c	\N
418f571e-3a36-4904-800a-c31d10ab4194	c4049252-49df-41a9-aef7-48d83ef55b9b	f	${role_offline-access}	offline_access	c4049252-49df-41a9-aef7-48d83ef55b9b	\N	\N
e6b153a5-b02e-41db-97d6-2001abf16783	c4049252-49df-41a9-aef7-48d83ef55b9b	f	${role_uma_authorization}	uma_authorization	c4049252-49df-41a9-aef7-48d83ef55b9b	\N	\N
d18c7a1e-954a-478c-84cd-ab60ac89c351	144c0b69-8ccd-41f8-8b1c-ae9ff24bac0a	f	${role_default-roles}	default-roles-ourboard	144c0b69-8ccd-41f8-8b1c-ae9ff24bac0a	\N	\N
247b42fe-6f30-4b0b-b5ac-96447df756b8	0405a18f-edff-4184-970f-71159d064fe0	t	${role_create-client}	create-client	c4049252-49df-41a9-aef7-48d83ef55b9b	0405a18f-edff-4184-970f-71159d064fe0	\N
2193a964-a5d7-4e85-8c35-0f3cb7bc9682	0405a18f-edff-4184-970f-71159d064fe0	t	${role_view-realm}	view-realm	c4049252-49df-41a9-aef7-48d83ef55b9b	0405a18f-edff-4184-970f-71159d064fe0	\N
4904d33e-7188-420d-a264-93f17fd58095	0405a18f-edff-4184-970f-71159d064fe0	t	${role_view-users}	view-users	c4049252-49df-41a9-aef7-48d83ef55b9b	0405a18f-edff-4184-970f-71159d064fe0	\N
fd88bb53-f80a-44ad-ae72-2368bf56691c	0405a18f-edff-4184-970f-71159d064fe0	t	${role_view-clients}	view-clients	c4049252-49df-41a9-aef7-48d83ef55b9b	0405a18f-edff-4184-970f-71159d064fe0	\N
87c8788d-9c09-4687-a548-80a4202e33f4	0405a18f-edff-4184-970f-71159d064fe0	t	${role_view-events}	view-events	c4049252-49df-41a9-aef7-48d83ef55b9b	0405a18f-edff-4184-970f-71159d064fe0	\N
341e9c39-5731-47dd-9c83-a4f94b099a3d	0405a18f-edff-4184-970f-71159d064fe0	t	${role_view-identity-providers}	view-identity-providers	c4049252-49df-41a9-aef7-48d83ef55b9b	0405a18f-edff-4184-970f-71159d064fe0	\N
68244192-cd4f-4cbf-8abd-e0ed5f73bf49	0405a18f-edff-4184-970f-71159d064fe0	t	${role_view-authorization}	view-authorization	c4049252-49df-41a9-aef7-48d83ef55b9b	0405a18f-edff-4184-970f-71159d064fe0	\N
8405b1b3-91da-43b0-a71c-af5b22e3d643	0405a18f-edff-4184-970f-71159d064fe0	t	${role_manage-realm}	manage-realm	c4049252-49df-41a9-aef7-48d83ef55b9b	0405a18f-edff-4184-970f-71159d064fe0	\N
e4cd51e3-0628-4992-a027-be78a0b6c5b8	0405a18f-edff-4184-970f-71159d064fe0	t	${role_manage-users}	manage-users	c4049252-49df-41a9-aef7-48d83ef55b9b	0405a18f-edff-4184-970f-71159d064fe0	\N
2d632b33-d875-491d-8e12-e6cf68f117f2	0405a18f-edff-4184-970f-71159d064fe0	t	${role_manage-clients}	manage-clients	c4049252-49df-41a9-aef7-48d83ef55b9b	0405a18f-edff-4184-970f-71159d064fe0	\N
f1e68c21-ffd9-4154-87ac-a25175432022	0405a18f-edff-4184-970f-71159d064fe0	t	${role_manage-events}	manage-events	c4049252-49df-41a9-aef7-48d83ef55b9b	0405a18f-edff-4184-970f-71159d064fe0	\N
c3713905-4f3d-4a0d-a564-233ebaf7c0c8	0405a18f-edff-4184-970f-71159d064fe0	t	${role_manage-identity-providers}	manage-identity-providers	c4049252-49df-41a9-aef7-48d83ef55b9b	0405a18f-edff-4184-970f-71159d064fe0	\N
90b14ddf-7076-4f7d-a398-fc284b8fb064	0405a18f-edff-4184-970f-71159d064fe0	t	${role_manage-authorization}	manage-authorization	c4049252-49df-41a9-aef7-48d83ef55b9b	0405a18f-edff-4184-970f-71159d064fe0	\N
322e8bdd-eebf-4236-8256-acdf1e06199d	0405a18f-edff-4184-970f-71159d064fe0	t	${role_query-users}	query-users	c4049252-49df-41a9-aef7-48d83ef55b9b	0405a18f-edff-4184-970f-71159d064fe0	\N
d5a944ea-ca53-4b24-8a5f-3213c5ffe7ea	0405a18f-edff-4184-970f-71159d064fe0	t	${role_query-clients}	query-clients	c4049252-49df-41a9-aef7-48d83ef55b9b	0405a18f-edff-4184-970f-71159d064fe0	\N
3b54e2ac-8edc-4c20-a3e2-52a261118492	0405a18f-edff-4184-970f-71159d064fe0	t	${role_query-realms}	query-realms	c4049252-49df-41a9-aef7-48d83ef55b9b	0405a18f-edff-4184-970f-71159d064fe0	\N
fb6f79cb-d573-4829-9d60-b92ea98099ef	0405a18f-edff-4184-970f-71159d064fe0	t	${role_query-groups}	query-groups	c4049252-49df-41a9-aef7-48d83ef55b9b	0405a18f-edff-4184-970f-71159d064fe0	\N
7d1a1b49-290a-402d-b6cc-9dabffb38f7c	24d6127f-a63c-4a42-a9db-de9e4ea85d09	t	${role_realm-admin}	realm-admin	144c0b69-8ccd-41f8-8b1c-ae9ff24bac0a	24d6127f-a63c-4a42-a9db-de9e4ea85d09	\N
5131786f-fd1a-4d8f-b7b3-01cc1a36bf8b	24d6127f-a63c-4a42-a9db-de9e4ea85d09	t	${role_create-client}	create-client	144c0b69-8ccd-41f8-8b1c-ae9ff24bac0a	24d6127f-a63c-4a42-a9db-de9e4ea85d09	\N
763fb3a1-85cf-4c38-9554-305c5be95f87	24d6127f-a63c-4a42-a9db-de9e4ea85d09	t	${role_view-realm}	view-realm	144c0b69-8ccd-41f8-8b1c-ae9ff24bac0a	24d6127f-a63c-4a42-a9db-de9e4ea85d09	\N
1ef446fb-3edc-44ca-9f2a-96884538ac6e	24d6127f-a63c-4a42-a9db-de9e4ea85d09	t	${role_view-users}	view-users	144c0b69-8ccd-41f8-8b1c-ae9ff24bac0a	24d6127f-a63c-4a42-a9db-de9e4ea85d09	\N
ca78f9aa-b871-43c9-8ca0-6323d0780ad7	24d6127f-a63c-4a42-a9db-de9e4ea85d09	t	${role_view-clients}	view-clients	144c0b69-8ccd-41f8-8b1c-ae9ff24bac0a	24d6127f-a63c-4a42-a9db-de9e4ea85d09	\N
68c8ff41-7fab-413a-8cdd-c270aad522fa	24d6127f-a63c-4a42-a9db-de9e4ea85d09	t	${role_view-events}	view-events	144c0b69-8ccd-41f8-8b1c-ae9ff24bac0a	24d6127f-a63c-4a42-a9db-de9e4ea85d09	\N
62aeff5e-fe84-4276-b1f0-a4caa6cf65f0	24d6127f-a63c-4a42-a9db-de9e4ea85d09	t	${role_view-identity-providers}	view-identity-providers	144c0b69-8ccd-41f8-8b1c-ae9ff24bac0a	24d6127f-a63c-4a42-a9db-de9e4ea85d09	\N
4d066f62-161a-43f6-b2b7-1de1092eeba9	24d6127f-a63c-4a42-a9db-de9e4ea85d09	t	${role_view-authorization}	view-authorization	144c0b69-8ccd-41f8-8b1c-ae9ff24bac0a	24d6127f-a63c-4a42-a9db-de9e4ea85d09	\N
1ed81f82-b318-4314-9485-7f27248ac479	24d6127f-a63c-4a42-a9db-de9e4ea85d09	t	${role_manage-realm}	manage-realm	144c0b69-8ccd-41f8-8b1c-ae9ff24bac0a	24d6127f-a63c-4a42-a9db-de9e4ea85d09	\N
c310e7ff-7942-4ab7-9771-e340dc76741d	24d6127f-a63c-4a42-a9db-de9e4ea85d09	t	${role_manage-users}	manage-users	144c0b69-8ccd-41f8-8b1c-ae9ff24bac0a	24d6127f-a63c-4a42-a9db-de9e4ea85d09	\N
7da5daec-6a08-4529-b433-c304b410dd97	24d6127f-a63c-4a42-a9db-de9e4ea85d09	t	${role_manage-clients}	manage-clients	144c0b69-8ccd-41f8-8b1c-ae9ff24bac0a	24d6127f-a63c-4a42-a9db-de9e4ea85d09	\N
a7341a81-3a44-4e53-b7bb-7125b465b356	24d6127f-a63c-4a42-a9db-de9e4ea85d09	t	${role_manage-events}	manage-events	144c0b69-8ccd-41f8-8b1c-ae9ff24bac0a	24d6127f-a63c-4a42-a9db-de9e4ea85d09	\N
bd90e0ee-ad9e-4fd9-a8cf-402fc6f01bf0	24d6127f-a63c-4a42-a9db-de9e4ea85d09	t	${role_manage-identity-providers}	manage-identity-providers	144c0b69-8ccd-41f8-8b1c-ae9ff24bac0a	24d6127f-a63c-4a42-a9db-de9e4ea85d09	\N
a1a0faf6-74ec-46d5-bf3b-cad0e56d6eec	24d6127f-a63c-4a42-a9db-de9e4ea85d09	t	${role_manage-authorization}	manage-authorization	144c0b69-8ccd-41f8-8b1c-ae9ff24bac0a	24d6127f-a63c-4a42-a9db-de9e4ea85d09	\N
62ec5875-b826-47c0-a4eb-2a2b768e36b4	24d6127f-a63c-4a42-a9db-de9e4ea85d09	t	${role_query-users}	query-users	144c0b69-8ccd-41f8-8b1c-ae9ff24bac0a	24d6127f-a63c-4a42-a9db-de9e4ea85d09	\N
0430e54d-8bc5-44c9-b0a3-e29e9ff5b425	24d6127f-a63c-4a42-a9db-de9e4ea85d09	t	${role_query-clients}	query-clients	144c0b69-8ccd-41f8-8b1c-ae9ff24bac0a	24d6127f-a63c-4a42-a9db-de9e4ea85d09	\N
536dbf51-41d0-4b93-9a18-eb0bb5522467	24d6127f-a63c-4a42-a9db-de9e4ea85d09	t	${role_query-realms}	query-realms	144c0b69-8ccd-41f8-8b1c-ae9ff24bac0a	24d6127f-a63c-4a42-a9db-de9e4ea85d09	\N
5c850b9c-f0ba-43f8-bea4-2b677a5d1a23	24d6127f-a63c-4a42-a9db-de9e4ea85d09	t	${role_query-groups}	query-groups	144c0b69-8ccd-41f8-8b1c-ae9ff24bac0a	24d6127f-a63c-4a42-a9db-de9e4ea85d09	\N
1549050d-2d90-44d9-ac44-1bca24b71a9f	c49b94f0-f612-4dc8-816e-1fa9f0409a97	t	${role_view-profile}	view-profile	144c0b69-8ccd-41f8-8b1c-ae9ff24bac0a	c49b94f0-f612-4dc8-816e-1fa9f0409a97	\N
85690fb9-8525-4ce3-a100-ab59e38f6d5e	c49b94f0-f612-4dc8-816e-1fa9f0409a97	t	${role_manage-account}	manage-account	144c0b69-8ccd-41f8-8b1c-ae9ff24bac0a	c49b94f0-f612-4dc8-816e-1fa9f0409a97	\N
9fdfe2d2-a446-4708-9962-99e7ba60a838	c49b94f0-f612-4dc8-816e-1fa9f0409a97	t	${role_manage-account-links}	manage-account-links	144c0b69-8ccd-41f8-8b1c-ae9ff24bac0a	c49b94f0-f612-4dc8-816e-1fa9f0409a97	\N
b39464d1-cc23-4abc-927e-270919134faa	c49b94f0-f612-4dc8-816e-1fa9f0409a97	t	${role_view-applications}	view-applications	144c0b69-8ccd-41f8-8b1c-ae9ff24bac0a	c49b94f0-f612-4dc8-816e-1fa9f0409a97	\N
8c2afacb-186e-4df8-ae37-775457dfb6cb	c49b94f0-f612-4dc8-816e-1fa9f0409a97	t	${role_view-consent}	view-consent	144c0b69-8ccd-41f8-8b1c-ae9ff24bac0a	c49b94f0-f612-4dc8-816e-1fa9f0409a97	\N
3edda74a-512a-4b3d-b00d-86b9dc214a78	c49b94f0-f612-4dc8-816e-1fa9f0409a97	t	${role_manage-consent}	manage-consent	144c0b69-8ccd-41f8-8b1c-ae9ff24bac0a	c49b94f0-f612-4dc8-816e-1fa9f0409a97	\N
e7d21ace-7e6b-448d-8ab4-72b9c1effd72	c49b94f0-f612-4dc8-816e-1fa9f0409a97	t	${role_view-groups}	view-groups	144c0b69-8ccd-41f8-8b1c-ae9ff24bac0a	c49b94f0-f612-4dc8-816e-1fa9f0409a97	\N
e4a82cec-b2eb-40e9-8038-8662eb4c4a39	c49b94f0-f612-4dc8-816e-1fa9f0409a97	t	${role_delete-account}	delete-account	144c0b69-8ccd-41f8-8b1c-ae9ff24bac0a	c49b94f0-f612-4dc8-816e-1fa9f0409a97	\N
bebfd4ef-d674-4d74-b332-026e52494fe5	0405a18f-edff-4184-970f-71159d064fe0	t	${role_impersonation}	impersonation	c4049252-49df-41a9-aef7-48d83ef55b9b	0405a18f-edff-4184-970f-71159d064fe0	\N
9e53154e-c887-4a26-bb7c-c76b06dc0656	24d6127f-a63c-4a42-a9db-de9e4ea85d09	t	${role_impersonation}	impersonation	144c0b69-8ccd-41f8-8b1c-ae9ff24bac0a	24d6127f-a63c-4a42-a9db-de9e4ea85d09	\N
95ab002b-c74f-437f-8380-64187c7d0f3e	c498c5a3-6c1b-415c-8c9e-f0eedccf567d	t	${role_read-token}	read-token	144c0b69-8ccd-41f8-8b1c-ae9ff24bac0a	c498c5a3-6c1b-415c-8c9e-f0eedccf567d	\N
e5ad2c92-6fec-46ff-ac4c-0c519483a403	144c0b69-8ccd-41f8-8b1c-ae9ff24bac0a	f	${role_offline-access}	offline_access	144c0b69-8ccd-41f8-8b1c-ae9ff24bac0a	\N	\N
62dcc982-a8a1-4b37-ac34-c5d82842548f	144c0b69-8ccd-41f8-8b1c-ae9ff24bac0a	f	${role_uma_authorization}	uma_authorization	144c0b69-8ccd-41f8-8b1c-ae9ff24bac0a	\N	\N
\.


--
-- Data for Name: migration_model; Type: TABLE DATA; Schema: public; Owner: keycloak
--

COPY public.migration_model (id, version, update_time) FROM stdin;
g8vn2	22.0.5	1698593993
\.


--
-- Data for Name: offline_client_session; Type: TABLE DATA; Schema: public; Owner: keycloak
--

COPY public.offline_client_session (user_session_id, client_id, offline_flag, "timestamp", data, client_storage_provider, external_client_id) FROM stdin;
\.


--
-- Data for Name: offline_user_session; Type: TABLE DATA; Schema: public; Owner: keycloak
--

COPY public.offline_user_session (user_session_id, user_id, realm_id, created_on, offline_flag, data, last_session_refresh) FROM stdin;
\.


--
-- Data for Name: policy_config; Type: TABLE DATA; Schema: public; Owner: keycloak
--

COPY public.policy_config (policy_id, name, value) FROM stdin;
\.


--
-- Data for Name: protocol_mapper; Type: TABLE DATA; Schema: public; Owner: keycloak
--

COPY public.protocol_mapper (id, name, protocol, protocol_mapper_name, client_id, client_scope_id) FROM stdin;
1c59ac7a-9799-4ef4-a86d-c0a43c9bc955	audience resolve	openid-connect	oidc-audience-resolve-mapper	1edb53f6-3936-46c8-8329-4c694730bebb	\N
08710b81-b0ea-42c2-b769-4733f7d1f1df	locale	openid-connect	oidc-usermodel-attribute-mapper	5edf2eb5-b5b0-4498-9670-afad3c6058bd	\N
bff7108c-7eee-4471-8ed4-05a840926335	role list	saml	saml-role-list-mapper	\N	5cdc5c81-7fb6-4f44-8700-a7c3adff5f88
7bd38874-5875-44be-96ef-31bada9ef394	full name	openid-connect	oidc-full-name-mapper	\N	8a0c40eb-d40d-4251-9b2d-76e3237c6607
58b73b88-95d1-4113-87be-546efb65eea1	family name	openid-connect	oidc-usermodel-attribute-mapper	\N	8a0c40eb-d40d-4251-9b2d-76e3237c6607
8b676bbc-e967-4993-a794-f7f5fd385c27	given name	openid-connect	oidc-usermodel-attribute-mapper	\N	8a0c40eb-d40d-4251-9b2d-76e3237c6607
06f9fb82-8354-468d-a6fc-9b88db1ec5a6	middle name	openid-connect	oidc-usermodel-attribute-mapper	\N	8a0c40eb-d40d-4251-9b2d-76e3237c6607
845d8241-ed12-4272-beb3-55fd5cab54d4	nickname	openid-connect	oidc-usermodel-attribute-mapper	\N	8a0c40eb-d40d-4251-9b2d-76e3237c6607
29dbf182-66ca-4683-a9d9-7555597dfdff	username	openid-connect	oidc-usermodel-attribute-mapper	\N	8a0c40eb-d40d-4251-9b2d-76e3237c6607
96eb49de-a7fb-42fe-aa3b-bf8c340381d4	profile	openid-connect	oidc-usermodel-attribute-mapper	\N	8a0c40eb-d40d-4251-9b2d-76e3237c6607
e159b1cf-00fe-4474-849f-5a52e8c10c1e	picture	openid-connect	oidc-usermodel-attribute-mapper	\N	8a0c40eb-d40d-4251-9b2d-76e3237c6607
f8e2a296-c197-4958-8874-6de6787b98a0	website	openid-connect	oidc-usermodel-attribute-mapper	\N	8a0c40eb-d40d-4251-9b2d-76e3237c6607
8bbe83ad-be21-4155-a6a9-57aec19da6bd	gender	openid-connect	oidc-usermodel-attribute-mapper	\N	8a0c40eb-d40d-4251-9b2d-76e3237c6607
51345b28-9f23-4ccf-9333-f2b1bb8374c4	birthdate	openid-connect	oidc-usermodel-attribute-mapper	\N	8a0c40eb-d40d-4251-9b2d-76e3237c6607
167f7bfc-edfe-41f8-8c19-4dc799e79a4e	zoneinfo	openid-connect	oidc-usermodel-attribute-mapper	\N	8a0c40eb-d40d-4251-9b2d-76e3237c6607
8e7a04cf-dfc7-4bed-84d5-96d9ebd56c16	locale	openid-connect	oidc-usermodel-attribute-mapper	\N	8a0c40eb-d40d-4251-9b2d-76e3237c6607
770212c9-a953-420f-9461-bce3f053d2ab	updated at	openid-connect	oidc-usermodel-attribute-mapper	\N	8a0c40eb-d40d-4251-9b2d-76e3237c6607
764250bd-0126-401f-b930-83c0cadfe709	email	openid-connect	oidc-usermodel-attribute-mapper	\N	3d28a2fb-9ad1-4ca7-90c8-c33e99daa777
cb6731c8-c3d3-4eec-bb2e-473097c6e9f6	email verified	openid-connect	oidc-usermodel-property-mapper	\N	3d28a2fb-9ad1-4ca7-90c8-c33e99daa777
ce5ed8c8-2e38-401d-bd7b-bbbd52d86385	address	openid-connect	oidc-address-mapper	\N	f298579b-7724-4565-af9c-6efdd6082860
c76345af-4627-4d98-8136-999ac215db32	phone number	openid-connect	oidc-usermodel-attribute-mapper	\N	a2686296-d3ad-4bf6-89ea-43721a012e03
b5156fbf-75da-47f2-8d0a-178f3460c5c8	phone number verified	openid-connect	oidc-usermodel-attribute-mapper	\N	a2686296-d3ad-4bf6-89ea-43721a012e03
313ab72c-3466-4c42-90f8-9dca394845a2	realm roles	openid-connect	oidc-usermodel-realm-role-mapper	\N	96380d5b-e4a3-4735-8e58-2bceadd99129
a6c952d2-96cf-4456-9188-a385903b0b05	client roles	openid-connect	oidc-usermodel-client-role-mapper	\N	96380d5b-e4a3-4735-8e58-2bceadd99129
a38fb78e-0e82-4503-819e-79224141cfd0	audience resolve	openid-connect	oidc-audience-resolve-mapper	\N	96380d5b-e4a3-4735-8e58-2bceadd99129
443fe9a9-71fe-46cd-8b0a-f32723f69e5d	allowed web origins	openid-connect	oidc-allowed-origins-mapper	\N	dab6c561-22d3-4db8-8fc3-8903df2c82ed
a6c7bc9a-38e2-4b67-a94b-b0e78251d5e1	upn	openid-connect	oidc-usermodel-attribute-mapper	\N	246a65b1-ff00-4e73-beb6-a25f394e2e47
5a114898-1e81-4215-a1ea-5c4ebc10fc95	groups	openid-connect	oidc-usermodel-realm-role-mapper	\N	246a65b1-ff00-4e73-beb6-a25f394e2e47
1ae7fe72-13c0-482e-b961-8380b9ffba5a	acr loa level	openid-connect	oidc-acr-mapper	\N	b1ddd251-07ac-4998-b90c-dd8d6a349d31
eed60713-cb56-4fe8-b406-3cd2dab40fc3	audience resolve	openid-connect	oidc-audience-resolve-mapper	88d1b5bf-8de3-4650-ab47-03e482718370	\N
b5a04abd-fe83-4682-b5f6-e333aedc3ac1	role list	saml	saml-role-list-mapper	\N	b43942d2-5391-4b9c-ad0f-d6661bd9937d
16665bd8-1cb4-40a2-ace1-0c46b07d6c6e	full name	openid-connect	oidc-full-name-mapper	\N	0eaf6d7e-2d08-47d1-8894-52d185c66ff3
ab115889-b568-4443-ab4e-ed75555adf3f	family name	openid-connect	oidc-usermodel-attribute-mapper	\N	0eaf6d7e-2d08-47d1-8894-52d185c66ff3
56ed3048-5468-4f41-bd1d-24fdfc9843c1	given name	openid-connect	oidc-usermodel-attribute-mapper	\N	0eaf6d7e-2d08-47d1-8894-52d185c66ff3
e2725c6f-35ff-4284-9903-7f7f38cfdecf	middle name	openid-connect	oidc-usermodel-attribute-mapper	\N	0eaf6d7e-2d08-47d1-8894-52d185c66ff3
c07b1c62-ba44-42c9-92a8-7ac43b66baaf	nickname	openid-connect	oidc-usermodel-attribute-mapper	\N	0eaf6d7e-2d08-47d1-8894-52d185c66ff3
1c97b14f-bb6c-4b65-a7cd-e0342c864f7d	username	openid-connect	oidc-usermodel-attribute-mapper	\N	0eaf6d7e-2d08-47d1-8894-52d185c66ff3
3a17b8e7-9f2f-4d0e-94d3-426fbe938854	profile	openid-connect	oidc-usermodel-attribute-mapper	\N	0eaf6d7e-2d08-47d1-8894-52d185c66ff3
28b34e31-b007-4962-b008-cfafc8c8f663	picture	openid-connect	oidc-usermodel-attribute-mapper	\N	0eaf6d7e-2d08-47d1-8894-52d185c66ff3
0148cd57-984f-4057-b195-66c145e36a5b	website	openid-connect	oidc-usermodel-attribute-mapper	\N	0eaf6d7e-2d08-47d1-8894-52d185c66ff3
82421685-e14e-4621-9b55-d77847e80da5	gender	openid-connect	oidc-usermodel-attribute-mapper	\N	0eaf6d7e-2d08-47d1-8894-52d185c66ff3
c8187656-aeba-471a-937f-b2b25d536ec4	birthdate	openid-connect	oidc-usermodel-attribute-mapper	\N	0eaf6d7e-2d08-47d1-8894-52d185c66ff3
f808caf0-464b-4964-8b3f-53af392e1d5c	zoneinfo	openid-connect	oidc-usermodel-attribute-mapper	\N	0eaf6d7e-2d08-47d1-8894-52d185c66ff3
b722eec4-f58a-41f8-a1ac-d60aa533fdb5	locale	openid-connect	oidc-usermodel-attribute-mapper	\N	0eaf6d7e-2d08-47d1-8894-52d185c66ff3
a9501bb1-fb73-4a80-bc60-edad03f10cdd	updated at	openid-connect	oidc-usermodel-attribute-mapper	\N	0eaf6d7e-2d08-47d1-8894-52d185c66ff3
c087b32c-ecba-4650-8608-0cc375928869	email	openid-connect	oidc-usermodel-attribute-mapper	\N	2b788c09-2a4a-4b8b-9cdd-22160e1456ba
98851daa-dcca-49d4-926c-ac168299948d	email verified	openid-connect	oidc-usermodel-property-mapper	\N	2b788c09-2a4a-4b8b-9cdd-22160e1456ba
480a9491-09c5-4a59-8022-73dd19498942	address	openid-connect	oidc-address-mapper	\N	9b2dad39-8598-4b0b-b6a5-0d1a7773e6d1
efe4b46a-348b-40c3-a806-b39e3f49bb02	phone number	openid-connect	oidc-usermodel-attribute-mapper	\N	8074c632-a4ac-4680-a066-261a3cf0c641
adb5ec71-78da-433b-b6d9-f4e4fc8e7cf4	phone number verified	openid-connect	oidc-usermodel-attribute-mapper	\N	8074c632-a4ac-4680-a066-261a3cf0c641
aa2937d3-1bc1-42dc-965c-8fdf82ea3d28	realm roles	openid-connect	oidc-usermodel-realm-role-mapper	\N	2c3494c0-4620-4a38-85e1-b5a21f7d89fa
7ec0a85c-3d4b-4f9b-8649-76092b398576	client roles	openid-connect	oidc-usermodel-client-role-mapper	\N	2c3494c0-4620-4a38-85e1-b5a21f7d89fa
02e5a1a5-8ed5-422d-b79c-aec5f6254775	audience resolve	openid-connect	oidc-audience-resolve-mapper	\N	2c3494c0-4620-4a38-85e1-b5a21f7d89fa
faba174e-4160-4f25-aa14-d8463f6318d7	allowed web origins	openid-connect	oidc-allowed-origins-mapper	\N	1719ac57-9b55-456f-a72d-ef7310fc6e18
54799b6a-b7be-4374-b66b-b0ee8f0269b9	upn	openid-connect	oidc-usermodel-attribute-mapper	\N	0943b915-e341-4e62-8b3f-2fb952439ba8
2eb46434-45b8-4780-ad18-a84189a33fd4	groups	openid-connect	oidc-usermodel-realm-role-mapper	\N	0943b915-e341-4e62-8b3f-2fb952439ba8
b940500b-3fff-4356-a445-d228f490643f	acr loa level	openid-connect	oidc-acr-mapper	\N	797314fe-1913-40f4-8efb-44123269c71f
bed17a03-65b4-4453-96ed-9c438098f032	locale	openid-connect	oidc-usermodel-attribute-mapper	8322058b-b4d7-4556-9d03-b35b959fedfe	\N
\.


--
-- Data for Name: protocol_mapper_config; Type: TABLE DATA; Schema: public; Owner: keycloak
--

COPY public.protocol_mapper_config (protocol_mapper_id, value, name) FROM stdin;
08710b81-b0ea-42c2-b769-4733f7d1f1df	true	userinfo.token.claim
08710b81-b0ea-42c2-b769-4733f7d1f1df	locale	user.attribute
08710b81-b0ea-42c2-b769-4733f7d1f1df	true	id.token.claim
08710b81-b0ea-42c2-b769-4733f7d1f1df	true	access.token.claim
08710b81-b0ea-42c2-b769-4733f7d1f1df	locale	claim.name
08710b81-b0ea-42c2-b769-4733f7d1f1df	String	jsonType.label
bff7108c-7eee-4471-8ed4-05a840926335	false	single
bff7108c-7eee-4471-8ed4-05a840926335	Basic	attribute.nameformat
bff7108c-7eee-4471-8ed4-05a840926335	Role	attribute.name
06f9fb82-8354-468d-a6fc-9b88db1ec5a6	true	userinfo.token.claim
06f9fb82-8354-468d-a6fc-9b88db1ec5a6	middleName	user.attribute
06f9fb82-8354-468d-a6fc-9b88db1ec5a6	true	id.token.claim
06f9fb82-8354-468d-a6fc-9b88db1ec5a6	true	access.token.claim
06f9fb82-8354-468d-a6fc-9b88db1ec5a6	middle_name	claim.name
06f9fb82-8354-468d-a6fc-9b88db1ec5a6	String	jsonType.label
167f7bfc-edfe-41f8-8c19-4dc799e79a4e	true	userinfo.token.claim
167f7bfc-edfe-41f8-8c19-4dc799e79a4e	zoneinfo	user.attribute
167f7bfc-edfe-41f8-8c19-4dc799e79a4e	true	id.token.claim
167f7bfc-edfe-41f8-8c19-4dc799e79a4e	true	access.token.claim
167f7bfc-edfe-41f8-8c19-4dc799e79a4e	zoneinfo	claim.name
167f7bfc-edfe-41f8-8c19-4dc799e79a4e	String	jsonType.label
29dbf182-66ca-4683-a9d9-7555597dfdff	true	userinfo.token.claim
29dbf182-66ca-4683-a9d9-7555597dfdff	username	user.attribute
29dbf182-66ca-4683-a9d9-7555597dfdff	true	id.token.claim
29dbf182-66ca-4683-a9d9-7555597dfdff	true	access.token.claim
29dbf182-66ca-4683-a9d9-7555597dfdff	preferred_username	claim.name
29dbf182-66ca-4683-a9d9-7555597dfdff	String	jsonType.label
51345b28-9f23-4ccf-9333-f2b1bb8374c4	true	userinfo.token.claim
51345b28-9f23-4ccf-9333-f2b1bb8374c4	birthdate	user.attribute
51345b28-9f23-4ccf-9333-f2b1bb8374c4	true	id.token.claim
51345b28-9f23-4ccf-9333-f2b1bb8374c4	true	access.token.claim
51345b28-9f23-4ccf-9333-f2b1bb8374c4	birthdate	claim.name
51345b28-9f23-4ccf-9333-f2b1bb8374c4	String	jsonType.label
58b73b88-95d1-4113-87be-546efb65eea1	true	userinfo.token.claim
58b73b88-95d1-4113-87be-546efb65eea1	lastName	user.attribute
58b73b88-95d1-4113-87be-546efb65eea1	true	id.token.claim
58b73b88-95d1-4113-87be-546efb65eea1	true	access.token.claim
58b73b88-95d1-4113-87be-546efb65eea1	family_name	claim.name
58b73b88-95d1-4113-87be-546efb65eea1	String	jsonType.label
770212c9-a953-420f-9461-bce3f053d2ab	true	userinfo.token.claim
770212c9-a953-420f-9461-bce3f053d2ab	updatedAt	user.attribute
770212c9-a953-420f-9461-bce3f053d2ab	true	id.token.claim
770212c9-a953-420f-9461-bce3f053d2ab	true	access.token.claim
770212c9-a953-420f-9461-bce3f053d2ab	updated_at	claim.name
770212c9-a953-420f-9461-bce3f053d2ab	long	jsonType.label
7bd38874-5875-44be-96ef-31bada9ef394	true	userinfo.token.claim
7bd38874-5875-44be-96ef-31bada9ef394	true	id.token.claim
7bd38874-5875-44be-96ef-31bada9ef394	true	access.token.claim
845d8241-ed12-4272-beb3-55fd5cab54d4	true	userinfo.token.claim
845d8241-ed12-4272-beb3-55fd5cab54d4	nickname	user.attribute
845d8241-ed12-4272-beb3-55fd5cab54d4	true	id.token.claim
845d8241-ed12-4272-beb3-55fd5cab54d4	true	access.token.claim
845d8241-ed12-4272-beb3-55fd5cab54d4	nickname	claim.name
845d8241-ed12-4272-beb3-55fd5cab54d4	String	jsonType.label
8b676bbc-e967-4993-a794-f7f5fd385c27	true	userinfo.token.claim
8b676bbc-e967-4993-a794-f7f5fd385c27	firstName	user.attribute
8b676bbc-e967-4993-a794-f7f5fd385c27	true	id.token.claim
8b676bbc-e967-4993-a794-f7f5fd385c27	true	access.token.claim
8b676bbc-e967-4993-a794-f7f5fd385c27	given_name	claim.name
8b676bbc-e967-4993-a794-f7f5fd385c27	String	jsonType.label
8bbe83ad-be21-4155-a6a9-57aec19da6bd	true	userinfo.token.claim
8bbe83ad-be21-4155-a6a9-57aec19da6bd	gender	user.attribute
8bbe83ad-be21-4155-a6a9-57aec19da6bd	true	id.token.claim
8bbe83ad-be21-4155-a6a9-57aec19da6bd	true	access.token.claim
8bbe83ad-be21-4155-a6a9-57aec19da6bd	gender	claim.name
8bbe83ad-be21-4155-a6a9-57aec19da6bd	String	jsonType.label
8e7a04cf-dfc7-4bed-84d5-96d9ebd56c16	true	userinfo.token.claim
8e7a04cf-dfc7-4bed-84d5-96d9ebd56c16	locale	user.attribute
8e7a04cf-dfc7-4bed-84d5-96d9ebd56c16	true	id.token.claim
8e7a04cf-dfc7-4bed-84d5-96d9ebd56c16	true	access.token.claim
8e7a04cf-dfc7-4bed-84d5-96d9ebd56c16	locale	claim.name
8e7a04cf-dfc7-4bed-84d5-96d9ebd56c16	String	jsonType.label
96eb49de-a7fb-42fe-aa3b-bf8c340381d4	true	userinfo.token.claim
96eb49de-a7fb-42fe-aa3b-bf8c340381d4	profile	user.attribute
96eb49de-a7fb-42fe-aa3b-bf8c340381d4	true	id.token.claim
96eb49de-a7fb-42fe-aa3b-bf8c340381d4	true	access.token.claim
96eb49de-a7fb-42fe-aa3b-bf8c340381d4	profile	claim.name
96eb49de-a7fb-42fe-aa3b-bf8c340381d4	String	jsonType.label
e159b1cf-00fe-4474-849f-5a52e8c10c1e	true	userinfo.token.claim
e159b1cf-00fe-4474-849f-5a52e8c10c1e	picture	user.attribute
e159b1cf-00fe-4474-849f-5a52e8c10c1e	true	id.token.claim
e159b1cf-00fe-4474-849f-5a52e8c10c1e	true	access.token.claim
e159b1cf-00fe-4474-849f-5a52e8c10c1e	picture	claim.name
e159b1cf-00fe-4474-849f-5a52e8c10c1e	String	jsonType.label
f8e2a296-c197-4958-8874-6de6787b98a0	true	userinfo.token.claim
f8e2a296-c197-4958-8874-6de6787b98a0	website	user.attribute
f8e2a296-c197-4958-8874-6de6787b98a0	true	id.token.claim
f8e2a296-c197-4958-8874-6de6787b98a0	true	access.token.claim
f8e2a296-c197-4958-8874-6de6787b98a0	website	claim.name
f8e2a296-c197-4958-8874-6de6787b98a0	String	jsonType.label
764250bd-0126-401f-b930-83c0cadfe709	true	userinfo.token.claim
764250bd-0126-401f-b930-83c0cadfe709	email	user.attribute
764250bd-0126-401f-b930-83c0cadfe709	true	id.token.claim
764250bd-0126-401f-b930-83c0cadfe709	true	access.token.claim
764250bd-0126-401f-b930-83c0cadfe709	email	claim.name
764250bd-0126-401f-b930-83c0cadfe709	String	jsonType.label
cb6731c8-c3d3-4eec-bb2e-473097c6e9f6	true	userinfo.token.claim
cb6731c8-c3d3-4eec-bb2e-473097c6e9f6	emailVerified	user.attribute
cb6731c8-c3d3-4eec-bb2e-473097c6e9f6	true	id.token.claim
cb6731c8-c3d3-4eec-bb2e-473097c6e9f6	true	access.token.claim
cb6731c8-c3d3-4eec-bb2e-473097c6e9f6	email_verified	claim.name
cb6731c8-c3d3-4eec-bb2e-473097c6e9f6	boolean	jsonType.label
ce5ed8c8-2e38-401d-bd7b-bbbd52d86385	formatted	user.attribute.formatted
ce5ed8c8-2e38-401d-bd7b-bbbd52d86385	country	user.attribute.country
ce5ed8c8-2e38-401d-bd7b-bbbd52d86385	postal_code	user.attribute.postal_code
ce5ed8c8-2e38-401d-bd7b-bbbd52d86385	true	userinfo.token.claim
ce5ed8c8-2e38-401d-bd7b-bbbd52d86385	street	user.attribute.street
ce5ed8c8-2e38-401d-bd7b-bbbd52d86385	true	id.token.claim
ce5ed8c8-2e38-401d-bd7b-bbbd52d86385	region	user.attribute.region
ce5ed8c8-2e38-401d-bd7b-bbbd52d86385	true	access.token.claim
ce5ed8c8-2e38-401d-bd7b-bbbd52d86385	locality	user.attribute.locality
b5156fbf-75da-47f2-8d0a-178f3460c5c8	true	userinfo.token.claim
b5156fbf-75da-47f2-8d0a-178f3460c5c8	phoneNumberVerified	user.attribute
b5156fbf-75da-47f2-8d0a-178f3460c5c8	true	id.token.claim
b5156fbf-75da-47f2-8d0a-178f3460c5c8	true	access.token.claim
b5156fbf-75da-47f2-8d0a-178f3460c5c8	phone_number_verified	claim.name
b5156fbf-75da-47f2-8d0a-178f3460c5c8	boolean	jsonType.label
c76345af-4627-4d98-8136-999ac215db32	true	userinfo.token.claim
c76345af-4627-4d98-8136-999ac215db32	phoneNumber	user.attribute
c76345af-4627-4d98-8136-999ac215db32	true	id.token.claim
c76345af-4627-4d98-8136-999ac215db32	true	access.token.claim
c76345af-4627-4d98-8136-999ac215db32	phone_number	claim.name
c76345af-4627-4d98-8136-999ac215db32	String	jsonType.label
313ab72c-3466-4c42-90f8-9dca394845a2	true	multivalued
313ab72c-3466-4c42-90f8-9dca394845a2	foo	user.attribute
313ab72c-3466-4c42-90f8-9dca394845a2	true	access.token.claim
313ab72c-3466-4c42-90f8-9dca394845a2	realm_access.roles	claim.name
313ab72c-3466-4c42-90f8-9dca394845a2	String	jsonType.label
a6c952d2-96cf-4456-9188-a385903b0b05	true	multivalued
a6c952d2-96cf-4456-9188-a385903b0b05	foo	user.attribute
a6c952d2-96cf-4456-9188-a385903b0b05	true	access.token.claim
a6c952d2-96cf-4456-9188-a385903b0b05	resource_access.${client_id}.roles	claim.name
a6c952d2-96cf-4456-9188-a385903b0b05	String	jsonType.label
5a114898-1e81-4215-a1ea-5c4ebc10fc95	true	multivalued
5a114898-1e81-4215-a1ea-5c4ebc10fc95	foo	user.attribute
5a114898-1e81-4215-a1ea-5c4ebc10fc95	true	id.token.claim
5a114898-1e81-4215-a1ea-5c4ebc10fc95	true	access.token.claim
5a114898-1e81-4215-a1ea-5c4ebc10fc95	groups	claim.name
5a114898-1e81-4215-a1ea-5c4ebc10fc95	String	jsonType.label
a6c7bc9a-38e2-4b67-a94b-b0e78251d5e1	true	userinfo.token.claim
a6c7bc9a-38e2-4b67-a94b-b0e78251d5e1	username	user.attribute
a6c7bc9a-38e2-4b67-a94b-b0e78251d5e1	true	id.token.claim
a6c7bc9a-38e2-4b67-a94b-b0e78251d5e1	true	access.token.claim
a6c7bc9a-38e2-4b67-a94b-b0e78251d5e1	upn	claim.name
a6c7bc9a-38e2-4b67-a94b-b0e78251d5e1	String	jsonType.label
1ae7fe72-13c0-482e-b961-8380b9ffba5a	true	id.token.claim
1ae7fe72-13c0-482e-b961-8380b9ffba5a	true	access.token.claim
b5a04abd-fe83-4682-b5f6-e333aedc3ac1	false	single
b5a04abd-fe83-4682-b5f6-e333aedc3ac1	Basic	attribute.nameformat
b5a04abd-fe83-4682-b5f6-e333aedc3ac1	Role	attribute.name
0148cd57-984f-4057-b195-66c145e36a5b	true	userinfo.token.claim
0148cd57-984f-4057-b195-66c145e36a5b	website	user.attribute
0148cd57-984f-4057-b195-66c145e36a5b	true	id.token.claim
0148cd57-984f-4057-b195-66c145e36a5b	true	access.token.claim
0148cd57-984f-4057-b195-66c145e36a5b	website	claim.name
0148cd57-984f-4057-b195-66c145e36a5b	String	jsonType.label
16665bd8-1cb4-40a2-ace1-0c46b07d6c6e	true	userinfo.token.claim
16665bd8-1cb4-40a2-ace1-0c46b07d6c6e	true	id.token.claim
16665bd8-1cb4-40a2-ace1-0c46b07d6c6e	true	access.token.claim
1c97b14f-bb6c-4b65-a7cd-e0342c864f7d	true	userinfo.token.claim
1c97b14f-bb6c-4b65-a7cd-e0342c864f7d	username	user.attribute
1c97b14f-bb6c-4b65-a7cd-e0342c864f7d	true	id.token.claim
1c97b14f-bb6c-4b65-a7cd-e0342c864f7d	true	access.token.claim
1c97b14f-bb6c-4b65-a7cd-e0342c864f7d	preferred_username	claim.name
1c97b14f-bb6c-4b65-a7cd-e0342c864f7d	String	jsonType.label
28b34e31-b007-4962-b008-cfafc8c8f663	true	userinfo.token.claim
28b34e31-b007-4962-b008-cfafc8c8f663	picture	user.attribute
28b34e31-b007-4962-b008-cfafc8c8f663	true	id.token.claim
28b34e31-b007-4962-b008-cfafc8c8f663	true	access.token.claim
28b34e31-b007-4962-b008-cfafc8c8f663	picture	claim.name
28b34e31-b007-4962-b008-cfafc8c8f663	String	jsonType.label
3a17b8e7-9f2f-4d0e-94d3-426fbe938854	true	userinfo.token.claim
3a17b8e7-9f2f-4d0e-94d3-426fbe938854	profile	user.attribute
3a17b8e7-9f2f-4d0e-94d3-426fbe938854	true	id.token.claim
3a17b8e7-9f2f-4d0e-94d3-426fbe938854	true	access.token.claim
3a17b8e7-9f2f-4d0e-94d3-426fbe938854	profile	claim.name
3a17b8e7-9f2f-4d0e-94d3-426fbe938854	String	jsonType.label
56ed3048-5468-4f41-bd1d-24fdfc9843c1	true	userinfo.token.claim
56ed3048-5468-4f41-bd1d-24fdfc9843c1	firstName	user.attribute
56ed3048-5468-4f41-bd1d-24fdfc9843c1	true	id.token.claim
56ed3048-5468-4f41-bd1d-24fdfc9843c1	true	access.token.claim
56ed3048-5468-4f41-bd1d-24fdfc9843c1	given_name	claim.name
56ed3048-5468-4f41-bd1d-24fdfc9843c1	String	jsonType.label
82421685-e14e-4621-9b55-d77847e80da5	true	userinfo.token.claim
82421685-e14e-4621-9b55-d77847e80da5	gender	user.attribute
82421685-e14e-4621-9b55-d77847e80da5	true	id.token.claim
82421685-e14e-4621-9b55-d77847e80da5	true	access.token.claim
82421685-e14e-4621-9b55-d77847e80da5	gender	claim.name
82421685-e14e-4621-9b55-d77847e80da5	String	jsonType.label
a9501bb1-fb73-4a80-bc60-edad03f10cdd	true	userinfo.token.claim
a9501bb1-fb73-4a80-bc60-edad03f10cdd	updatedAt	user.attribute
a9501bb1-fb73-4a80-bc60-edad03f10cdd	true	id.token.claim
a9501bb1-fb73-4a80-bc60-edad03f10cdd	true	access.token.claim
a9501bb1-fb73-4a80-bc60-edad03f10cdd	updated_at	claim.name
a9501bb1-fb73-4a80-bc60-edad03f10cdd	long	jsonType.label
ab115889-b568-4443-ab4e-ed75555adf3f	true	userinfo.token.claim
ab115889-b568-4443-ab4e-ed75555adf3f	lastName	user.attribute
ab115889-b568-4443-ab4e-ed75555adf3f	true	id.token.claim
ab115889-b568-4443-ab4e-ed75555adf3f	true	access.token.claim
ab115889-b568-4443-ab4e-ed75555adf3f	family_name	claim.name
ab115889-b568-4443-ab4e-ed75555adf3f	String	jsonType.label
b722eec4-f58a-41f8-a1ac-d60aa533fdb5	true	userinfo.token.claim
b722eec4-f58a-41f8-a1ac-d60aa533fdb5	locale	user.attribute
b722eec4-f58a-41f8-a1ac-d60aa533fdb5	true	id.token.claim
b722eec4-f58a-41f8-a1ac-d60aa533fdb5	true	access.token.claim
b722eec4-f58a-41f8-a1ac-d60aa533fdb5	locale	claim.name
b722eec4-f58a-41f8-a1ac-d60aa533fdb5	String	jsonType.label
c07b1c62-ba44-42c9-92a8-7ac43b66baaf	true	userinfo.token.claim
c07b1c62-ba44-42c9-92a8-7ac43b66baaf	nickname	user.attribute
c07b1c62-ba44-42c9-92a8-7ac43b66baaf	true	id.token.claim
c07b1c62-ba44-42c9-92a8-7ac43b66baaf	true	access.token.claim
c07b1c62-ba44-42c9-92a8-7ac43b66baaf	nickname	claim.name
c07b1c62-ba44-42c9-92a8-7ac43b66baaf	String	jsonType.label
c8187656-aeba-471a-937f-b2b25d536ec4	true	userinfo.token.claim
c8187656-aeba-471a-937f-b2b25d536ec4	birthdate	user.attribute
c8187656-aeba-471a-937f-b2b25d536ec4	true	id.token.claim
c8187656-aeba-471a-937f-b2b25d536ec4	true	access.token.claim
c8187656-aeba-471a-937f-b2b25d536ec4	birthdate	claim.name
c8187656-aeba-471a-937f-b2b25d536ec4	String	jsonType.label
e2725c6f-35ff-4284-9903-7f7f38cfdecf	true	userinfo.token.claim
e2725c6f-35ff-4284-9903-7f7f38cfdecf	middleName	user.attribute
e2725c6f-35ff-4284-9903-7f7f38cfdecf	true	id.token.claim
e2725c6f-35ff-4284-9903-7f7f38cfdecf	true	access.token.claim
e2725c6f-35ff-4284-9903-7f7f38cfdecf	middle_name	claim.name
e2725c6f-35ff-4284-9903-7f7f38cfdecf	String	jsonType.label
f808caf0-464b-4964-8b3f-53af392e1d5c	true	userinfo.token.claim
f808caf0-464b-4964-8b3f-53af392e1d5c	zoneinfo	user.attribute
f808caf0-464b-4964-8b3f-53af392e1d5c	true	id.token.claim
f808caf0-464b-4964-8b3f-53af392e1d5c	true	access.token.claim
f808caf0-464b-4964-8b3f-53af392e1d5c	zoneinfo	claim.name
f808caf0-464b-4964-8b3f-53af392e1d5c	String	jsonType.label
98851daa-dcca-49d4-926c-ac168299948d	true	userinfo.token.claim
98851daa-dcca-49d4-926c-ac168299948d	emailVerified	user.attribute
98851daa-dcca-49d4-926c-ac168299948d	true	id.token.claim
98851daa-dcca-49d4-926c-ac168299948d	true	access.token.claim
98851daa-dcca-49d4-926c-ac168299948d	email_verified	claim.name
98851daa-dcca-49d4-926c-ac168299948d	boolean	jsonType.label
c087b32c-ecba-4650-8608-0cc375928869	true	userinfo.token.claim
c087b32c-ecba-4650-8608-0cc375928869	email	user.attribute
c087b32c-ecba-4650-8608-0cc375928869	true	id.token.claim
c087b32c-ecba-4650-8608-0cc375928869	true	access.token.claim
c087b32c-ecba-4650-8608-0cc375928869	email	claim.name
c087b32c-ecba-4650-8608-0cc375928869	String	jsonType.label
480a9491-09c5-4a59-8022-73dd19498942	formatted	user.attribute.formatted
480a9491-09c5-4a59-8022-73dd19498942	country	user.attribute.country
480a9491-09c5-4a59-8022-73dd19498942	postal_code	user.attribute.postal_code
480a9491-09c5-4a59-8022-73dd19498942	true	userinfo.token.claim
480a9491-09c5-4a59-8022-73dd19498942	street	user.attribute.street
480a9491-09c5-4a59-8022-73dd19498942	true	id.token.claim
480a9491-09c5-4a59-8022-73dd19498942	region	user.attribute.region
480a9491-09c5-4a59-8022-73dd19498942	true	access.token.claim
480a9491-09c5-4a59-8022-73dd19498942	locality	user.attribute.locality
adb5ec71-78da-433b-b6d9-f4e4fc8e7cf4	true	userinfo.token.claim
adb5ec71-78da-433b-b6d9-f4e4fc8e7cf4	phoneNumberVerified	user.attribute
adb5ec71-78da-433b-b6d9-f4e4fc8e7cf4	true	id.token.claim
adb5ec71-78da-433b-b6d9-f4e4fc8e7cf4	true	access.token.claim
adb5ec71-78da-433b-b6d9-f4e4fc8e7cf4	phone_number_verified	claim.name
adb5ec71-78da-433b-b6d9-f4e4fc8e7cf4	boolean	jsonType.label
efe4b46a-348b-40c3-a806-b39e3f49bb02	true	userinfo.token.claim
efe4b46a-348b-40c3-a806-b39e3f49bb02	phoneNumber	user.attribute
efe4b46a-348b-40c3-a806-b39e3f49bb02	true	id.token.claim
efe4b46a-348b-40c3-a806-b39e3f49bb02	true	access.token.claim
efe4b46a-348b-40c3-a806-b39e3f49bb02	phone_number	claim.name
efe4b46a-348b-40c3-a806-b39e3f49bb02	String	jsonType.label
7ec0a85c-3d4b-4f9b-8649-76092b398576	true	multivalued
7ec0a85c-3d4b-4f9b-8649-76092b398576	foo	user.attribute
7ec0a85c-3d4b-4f9b-8649-76092b398576	true	access.token.claim
7ec0a85c-3d4b-4f9b-8649-76092b398576	resource_access.${client_id}.roles	claim.name
7ec0a85c-3d4b-4f9b-8649-76092b398576	String	jsonType.label
aa2937d3-1bc1-42dc-965c-8fdf82ea3d28	true	multivalued
aa2937d3-1bc1-42dc-965c-8fdf82ea3d28	foo	user.attribute
aa2937d3-1bc1-42dc-965c-8fdf82ea3d28	true	access.token.claim
aa2937d3-1bc1-42dc-965c-8fdf82ea3d28	realm_access.roles	claim.name
aa2937d3-1bc1-42dc-965c-8fdf82ea3d28	String	jsonType.label
2eb46434-45b8-4780-ad18-a84189a33fd4	true	multivalued
2eb46434-45b8-4780-ad18-a84189a33fd4	foo	user.attribute
2eb46434-45b8-4780-ad18-a84189a33fd4	true	id.token.claim
2eb46434-45b8-4780-ad18-a84189a33fd4	true	access.token.claim
2eb46434-45b8-4780-ad18-a84189a33fd4	groups	claim.name
2eb46434-45b8-4780-ad18-a84189a33fd4	String	jsonType.label
54799b6a-b7be-4374-b66b-b0ee8f0269b9	true	userinfo.token.claim
54799b6a-b7be-4374-b66b-b0ee8f0269b9	username	user.attribute
54799b6a-b7be-4374-b66b-b0ee8f0269b9	true	id.token.claim
54799b6a-b7be-4374-b66b-b0ee8f0269b9	true	access.token.claim
54799b6a-b7be-4374-b66b-b0ee8f0269b9	upn	claim.name
54799b6a-b7be-4374-b66b-b0ee8f0269b9	String	jsonType.label
b940500b-3fff-4356-a445-d228f490643f	true	id.token.claim
b940500b-3fff-4356-a445-d228f490643f	true	access.token.claim
bed17a03-65b4-4453-96ed-9c438098f032	true	userinfo.token.claim
bed17a03-65b4-4453-96ed-9c438098f032	locale	user.attribute
bed17a03-65b4-4453-96ed-9c438098f032	true	id.token.claim
bed17a03-65b4-4453-96ed-9c438098f032	true	access.token.claim
bed17a03-65b4-4453-96ed-9c438098f032	locale	claim.name
bed17a03-65b4-4453-96ed-9c438098f032	String	jsonType.label
\.


--
-- Data for Name: realm; Type: TABLE DATA; Schema: public; Owner: keycloak
--

COPY public.realm (id, access_code_lifespan, user_action_lifespan, access_token_lifespan, account_theme, admin_theme, email_theme, enabled, events_enabled, events_expiration, login_theme, name, not_before, password_policy, registration_allowed, remember_me, reset_password_allowed, social, ssl_required, sso_idle_timeout, sso_max_lifespan, update_profile_on_soc_login, verify_email, master_admin_client, login_lifespan, internationalization_enabled, default_locale, reg_email_as_username, admin_events_enabled, admin_events_details_enabled, edit_username_allowed, otp_policy_counter, otp_policy_window, otp_policy_period, otp_policy_digits, otp_policy_alg, otp_policy_type, browser_flow, registration_flow, direct_grant_flow, reset_credentials_flow, client_auth_flow, offline_session_idle_timeout, revoke_refresh_token, access_token_life_implicit, login_with_email_allowed, duplicate_emails_allowed, docker_auth_flow, refresh_token_max_reuse, allow_user_managed_access, sso_max_lifespan_remember_me, sso_idle_timeout_remember_me, default_role) FROM stdin;
c4049252-49df-41a9-aef7-48d83ef55b9b	60	300	60	\N	\N	\N	t	f	0	\N	master	0	\N	f	f	f	f	EXTERNAL	1800	36000	f	f	132571df-6d24-4658-b2eb-d230a357820c	1800	f	\N	f	f	f	f	0	1	30	6	HmacSHA1	totp	159bae2e-081c-47d5-93fd-7af7e429eaa4	b471a32c-a016-4141-89d8-3d8d0858a459	42be49df-6d7d-466d-8de1-61670080ea13	823e4454-4915-44cd-8e1f-d2fca1cfbc0d	91b46ef4-7403-4802-8554-63f87060ffe7	2592000	f	900	t	f	8360020f-cfaf-4fcc-8c00-6be8dc2edb68	0	f	0	0	1102e6ef-567c-495f-9704-609b8439f6ed
144c0b69-8ccd-41f8-8b1c-ae9ff24bac0a	60	300	300	\N	\N	\N	t	f	0	\N	ourboard	0	\N	f	f	f	f	EXTERNAL	1800	36000	f	f	0405a18f-edff-4184-970f-71159d064fe0	1800	f	\N	f	f	f	f	0	1	30	6	HmacSHA1	totp	471b9257-3796-4a4a-88b5-84d03dc770b6	994ce356-a898-4e82-9be8-f0b19ba4f3e6	9117851c-72ce-484f-9056-02c546f2af03	c9812133-8011-408d-bc85-9857e0964b9f	906fb94d-9f4d-490b-8c43-f29a304b9bed	2592000	f	900	t	f	ff236ccc-385f-4d41-b325-95de0d50bfd5	0	f	0	0	d18c7a1e-954a-478c-84cd-ab60ac89c351
\.


--
-- Data for Name: realm_attribute; Type: TABLE DATA; Schema: public; Owner: keycloak
--

COPY public.realm_attribute (name, realm_id, value) FROM stdin;
_browser_header.contentSecurityPolicyReportOnly	c4049252-49df-41a9-aef7-48d83ef55b9b	
_browser_header.xContentTypeOptions	c4049252-49df-41a9-aef7-48d83ef55b9b	nosniff
_browser_header.referrerPolicy	c4049252-49df-41a9-aef7-48d83ef55b9b	no-referrer
_browser_header.xRobotsTag	c4049252-49df-41a9-aef7-48d83ef55b9b	none
_browser_header.xFrameOptions	c4049252-49df-41a9-aef7-48d83ef55b9b	SAMEORIGIN
_browser_header.contentSecurityPolicy	c4049252-49df-41a9-aef7-48d83ef55b9b	frame-src 'self'; frame-ancestors 'self'; object-src 'none';
_browser_header.xXSSProtection	c4049252-49df-41a9-aef7-48d83ef55b9b	1; mode=block
_browser_header.strictTransportSecurity	c4049252-49df-41a9-aef7-48d83ef55b9b	max-age=31536000; includeSubDomains
bruteForceProtected	c4049252-49df-41a9-aef7-48d83ef55b9b	false
permanentLockout	c4049252-49df-41a9-aef7-48d83ef55b9b	false
maxFailureWaitSeconds	c4049252-49df-41a9-aef7-48d83ef55b9b	900
minimumQuickLoginWaitSeconds	c4049252-49df-41a9-aef7-48d83ef55b9b	60
waitIncrementSeconds	c4049252-49df-41a9-aef7-48d83ef55b9b	60
quickLoginCheckMilliSeconds	c4049252-49df-41a9-aef7-48d83ef55b9b	1000
maxDeltaTimeSeconds	c4049252-49df-41a9-aef7-48d83ef55b9b	43200
failureFactor	c4049252-49df-41a9-aef7-48d83ef55b9b	30
realmReusableOtpCode	c4049252-49df-41a9-aef7-48d83ef55b9b	false
displayName	c4049252-49df-41a9-aef7-48d83ef55b9b	Keycloak
displayNameHtml	c4049252-49df-41a9-aef7-48d83ef55b9b	<div class="kc-logo-text"><span>Keycloak</span></div>
defaultSignatureAlgorithm	c4049252-49df-41a9-aef7-48d83ef55b9b	RS256
offlineSessionMaxLifespanEnabled	c4049252-49df-41a9-aef7-48d83ef55b9b	false
offlineSessionMaxLifespan	c4049252-49df-41a9-aef7-48d83ef55b9b	5184000
_browser_header.contentSecurityPolicyReportOnly	144c0b69-8ccd-41f8-8b1c-ae9ff24bac0a	
_browser_header.xContentTypeOptions	144c0b69-8ccd-41f8-8b1c-ae9ff24bac0a	nosniff
_browser_header.referrerPolicy	144c0b69-8ccd-41f8-8b1c-ae9ff24bac0a	no-referrer
_browser_header.xRobotsTag	144c0b69-8ccd-41f8-8b1c-ae9ff24bac0a	none
_browser_header.xFrameOptions	144c0b69-8ccd-41f8-8b1c-ae9ff24bac0a	SAMEORIGIN
_browser_header.contentSecurityPolicy	144c0b69-8ccd-41f8-8b1c-ae9ff24bac0a	frame-src 'self'; frame-ancestors 'self'; object-src 'none';
_browser_header.xXSSProtection	144c0b69-8ccd-41f8-8b1c-ae9ff24bac0a	1; mode=block
_browser_header.strictTransportSecurity	144c0b69-8ccd-41f8-8b1c-ae9ff24bac0a	max-age=31536000; includeSubDomains
bruteForceProtected	144c0b69-8ccd-41f8-8b1c-ae9ff24bac0a	false
permanentLockout	144c0b69-8ccd-41f8-8b1c-ae9ff24bac0a	false
maxFailureWaitSeconds	144c0b69-8ccd-41f8-8b1c-ae9ff24bac0a	900
minimumQuickLoginWaitSeconds	144c0b69-8ccd-41f8-8b1c-ae9ff24bac0a	60
waitIncrementSeconds	144c0b69-8ccd-41f8-8b1c-ae9ff24bac0a	60
quickLoginCheckMilliSeconds	144c0b69-8ccd-41f8-8b1c-ae9ff24bac0a	1000
maxDeltaTimeSeconds	144c0b69-8ccd-41f8-8b1c-ae9ff24bac0a	43200
failureFactor	144c0b69-8ccd-41f8-8b1c-ae9ff24bac0a	30
realmReusableOtpCode	144c0b69-8ccd-41f8-8b1c-ae9ff24bac0a	false
defaultSignatureAlgorithm	144c0b69-8ccd-41f8-8b1c-ae9ff24bac0a	RS256
offlineSessionMaxLifespanEnabled	144c0b69-8ccd-41f8-8b1c-ae9ff24bac0a	false
offlineSessionMaxLifespan	144c0b69-8ccd-41f8-8b1c-ae9ff24bac0a	5184000
actionTokenGeneratedByAdminLifespan	144c0b69-8ccd-41f8-8b1c-ae9ff24bac0a	43200
actionTokenGeneratedByUserLifespan	144c0b69-8ccd-41f8-8b1c-ae9ff24bac0a	300
oauth2DeviceCodeLifespan	144c0b69-8ccd-41f8-8b1c-ae9ff24bac0a	600
oauth2DevicePollingInterval	144c0b69-8ccd-41f8-8b1c-ae9ff24bac0a	5
webAuthnPolicyRpEntityName	144c0b69-8ccd-41f8-8b1c-ae9ff24bac0a	keycloak
webAuthnPolicySignatureAlgorithms	144c0b69-8ccd-41f8-8b1c-ae9ff24bac0a	ES256
webAuthnPolicyRpId	144c0b69-8ccd-41f8-8b1c-ae9ff24bac0a	
webAuthnPolicyAttestationConveyancePreference	144c0b69-8ccd-41f8-8b1c-ae9ff24bac0a	not specified
webAuthnPolicyAuthenticatorAttachment	144c0b69-8ccd-41f8-8b1c-ae9ff24bac0a	not specified
webAuthnPolicyRequireResidentKey	144c0b69-8ccd-41f8-8b1c-ae9ff24bac0a	not specified
webAuthnPolicyUserVerificationRequirement	144c0b69-8ccd-41f8-8b1c-ae9ff24bac0a	not specified
webAuthnPolicyCreateTimeout	144c0b69-8ccd-41f8-8b1c-ae9ff24bac0a	0
webAuthnPolicyAvoidSameAuthenticatorRegister	144c0b69-8ccd-41f8-8b1c-ae9ff24bac0a	false
webAuthnPolicyRpEntityNamePasswordless	144c0b69-8ccd-41f8-8b1c-ae9ff24bac0a	keycloak
webAuthnPolicySignatureAlgorithmsPasswordless	144c0b69-8ccd-41f8-8b1c-ae9ff24bac0a	ES256
webAuthnPolicyRpIdPasswordless	144c0b69-8ccd-41f8-8b1c-ae9ff24bac0a	
webAuthnPolicyAttestationConveyancePreferencePasswordless	144c0b69-8ccd-41f8-8b1c-ae9ff24bac0a	not specified
webAuthnPolicyAuthenticatorAttachmentPasswordless	144c0b69-8ccd-41f8-8b1c-ae9ff24bac0a	not specified
webAuthnPolicyRequireResidentKeyPasswordless	144c0b69-8ccd-41f8-8b1c-ae9ff24bac0a	not specified
webAuthnPolicyUserVerificationRequirementPasswordless	144c0b69-8ccd-41f8-8b1c-ae9ff24bac0a	not specified
webAuthnPolicyCreateTimeoutPasswordless	144c0b69-8ccd-41f8-8b1c-ae9ff24bac0a	0
webAuthnPolicyAvoidSameAuthenticatorRegisterPasswordless	144c0b69-8ccd-41f8-8b1c-ae9ff24bac0a	false
cibaBackchannelTokenDeliveryMode	144c0b69-8ccd-41f8-8b1c-ae9ff24bac0a	poll
cibaExpiresIn	144c0b69-8ccd-41f8-8b1c-ae9ff24bac0a	120
cibaInterval	144c0b69-8ccd-41f8-8b1c-ae9ff24bac0a	5
cibaAuthRequestedUserHint	144c0b69-8ccd-41f8-8b1c-ae9ff24bac0a	login_hint
parRequestUriLifespan	144c0b69-8ccd-41f8-8b1c-ae9ff24bac0a	60
\.


--
-- Data for Name: realm_default_groups; Type: TABLE DATA; Schema: public; Owner: keycloak
--

COPY public.realm_default_groups (realm_id, group_id) FROM stdin;
\.


--
-- Data for Name: realm_enabled_event_types; Type: TABLE DATA; Schema: public; Owner: keycloak
--

COPY public.realm_enabled_event_types (realm_id, value) FROM stdin;
\.


--
-- Data for Name: realm_events_listeners; Type: TABLE DATA; Schema: public; Owner: keycloak
--

COPY public.realm_events_listeners (realm_id, value) FROM stdin;
c4049252-49df-41a9-aef7-48d83ef55b9b	jboss-logging
144c0b69-8ccd-41f8-8b1c-ae9ff24bac0a	jboss-logging
\.


--
-- Data for Name: realm_localizations; Type: TABLE DATA; Schema: public; Owner: keycloak
--

COPY public.realm_localizations (realm_id, locale, texts) FROM stdin;
\.


--
-- Data for Name: realm_required_credential; Type: TABLE DATA; Schema: public; Owner: keycloak
--

COPY public.realm_required_credential (type, form_label, input, secret, realm_id) FROM stdin;
password	password	t	t	c4049252-49df-41a9-aef7-48d83ef55b9b
password	password	t	t	144c0b69-8ccd-41f8-8b1c-ae9ff24bac0a
\.


--
-- Data for Name: realm_smtp_config; Type: TABLE DATA; Schema: public; Owner: keycloak
--

COPY public.realm_smtp_config (realm_id, value, name) FROM stdin;
\.


--
-- Data for Name: realm_supported_locales; Type: TABLE DATA; Schema: public; Owner: keycloak
--

COPY public.realm_supported_locales (realm_id, value) FROM stdin;
\.


--
-- Data for Name: redirect_uris; Type: TABLE DATA; Schema: public; Owner: keycloak
--

COPY public.redirect_uris (client_id, value) FROM stdin;
e8c97b5e-b4e6-4ea7-b704-fb17a003cd6a	/realms/master/account/*
1edb53f6-3936-46c8-8329-4c694730bebb	/realms/master/account/*
5edf2eb5-b5b0-4498-9670-afad3c6058bd	/admin/master/console/*
c49b94f0-f612-4dc8-816e-1fa9f0409a97	/realms/ourboard/account/*
88d1b5bf-8de3-4650-ab47-03e482718370	/realms/ourboard/account/*
8322058b-b4d7-4556-9d03-b35b959fedfe	/admin/ourboard/console/*
ed37d3b3-4644-4240-80c5-81954eb2cb6c	http://localhost:1337/google-callback
\.


--
-- Data for Name: required_action_config; Type: TABLE DATA; Schema: public; Owner: keycloak
--

COPY public.required_action_config (required_action_id, value, name) FROM stdin;
\.


--
-- Data for Name: required_action_provider; Type: TABLE DATA; Schema: public; Owner: keycloak
--

COPY public.required_action_provider (id, alias, name, realm_id, enabled, default_action, provider_id, priority) FROM stdin;
492cad44-db4c-4a99-88be-088c1acdcaa7	VERIFY_EMAIL	Verify Email	c4049252-49df-41a9-aef7-48d83ef55b9b	t	f	VERIFY_EMAIL	50
ff7f6442-ddd9-48a6-a53d-84bfdda8d57d	UPDATE_PROFILE	Update Profile	c4049252-49df-41a9-aef7-48d83ef55b9b	t	f	UPDATE_PROFILE	40
aa4b25b2-59d0-401b-a7f5-7b716640fa36	CONFIGURE_TOTP	Configure OTP	c4049252-49df-41a9-aef7-48d83ef55b9b	t	f	CONFIGURE_TOTP	10
affa9e0b-7df5-4bba-af85-a376d5825083	UPDATE_PASSWORD	Update Password	c4049252-49df-41a9-aef7-48d83ef55b9b	t	f	UPDATE_PASSWORD	30
36933d80-0413-47a9-8d78-ecf932c84a43	TERMS_AND_CONDITIONS	Terms and Conditions	c4049252-49df-41a9-aef7-48d83ef55b9b	f	f	TERMS_AND_CONDITIONS	20
e23a8729-e8f0-4de2-98ad-1bcd2ef297db	delete_account	Delete Account	c4049252-49df-41a9-aef7-48d83ef55b9b	f	f	delete_account	60
9eb17a07-aebe-4241-960c-3824176425b0	update_user_locale	Update User Locale	c4049252-49df-41a9-aef7-48d83ef55b9b	t	f	update_user_locale	1000
01438718-d7a6-48ab-bc08-b94b90bbc0d0	webauthn-register	Webauthn Register	c4049252-49df-41a9-aef7-48d83ef55b9b	t	f	webauthn-register	70
8d99e8ab-56a4-43ad-a4df-2b95e1efb5a7	webauthn-register-passwordless	Webauthn Register Passwordless	c4049252-49df-41a9-aef7-48d83ef55b9b	t	f	webauthn-register-passwordless	80
b9c7809d-eb43-494b-bab3-6e55729a0d42	VERIFY_EMAIL	Verify Email	144c0b69-8ccd-41f8-8b1c-ae9ff24bac0a	t	f	VERIFY_EMAIL	50
23014590-2a50-4050-b055-9f223f567383	UPDATE_PROFILE	Update Profile	144c0b69-8ccd-41f8-8b1c-ae9ff24bac0a	t	f	UPDATE_PROFILE	40
c51145a4-2c21-4041-ada8-d43181b86b22	CONFIGURE_TOTP	Configure OTP	144c0b69-8ccd-41f8-8b1c-ae9ff24bac0a	t	f	CONFIGURE_TOTP	10
597680fc-1432-41c2-9a1c-0b749ad2da01	UPDATE_PASSWORD	Update Password	144c0b69-8ccd-41f8-8b1c-ae9ff24bac0a	t	f	UPDATE_PASSWORD	30
c7cbb675-99c2-42f4-b4a2-24a79d597446	TERMS_AND_CONDITIONS	Terms and Conditions	144c0b69-8ccd-41f8-8b1c-ae9ff24bac0a	f	f	TERMS_AND_CONDITIONS	20
ae06a9e2-feb1-498b-84a0-60ecc77cc52b	delete_account	Delete Account	144c0b69-8ccd-41f8-8b1c-ae9ff24bac0a	f	f	delete_account	60
b27dd674-6812-41d4-b837-14f870d199bd	update_user_locale	Update User Locale	144c0b69-8ccd-41f8-8b1c-ae9ff24bac0a	t	f	update_user_locale	1000
53f653ab-f938-4ff4-aa14-8f718fbd87a1	webauthn-register	Webauthn Register	144c0b69-8ccd-41f8-8b1c-ae9ff24bac0a	t	f	webauthn-register	70
0e0917ce-31c0-463f-9014-21ef27d4aa7e	webauthn-register-passwordless	Webauthn Register Passwordless	144c0b69-8ccd-41f8-8b1c-ae9ff24bac0a	t	f	webauthn-register-passwordless	80
\.


--
-- Data for Name: resource_attribute; Type: TABLE DATA; Schema: public; Owner: keycloak
--

COPY public.resource_attribute (id, name, value, resource_id) FROM stdin;
\.


--
-- Data for Name: resource_policy; Type: TABLE DATA; Schema: public; Owner: keycloak
--

COPY public.resource_policy (resource_id, policy_id) FROM stdin;
\.


--
-- Data for Name: resource_scope; Type: TABLE DATA; Schema: public; Owner: keycloak
--

COPY public.resource_scope (resource_id, scope_id) FROM stdin;
\.


--
-- Data for Name: resource_server; Type: TABLE DATA; Schema: public; Owner: keycloak
--

COPY public.resource_server (id, allow_rs_remote_mgmt, policy_enforce_mode, decision_strategy) FROM stdin;
\.


--
-- Data for Name: resource_server_perm_ticket; Type: TABLE DATA; Schema: public; Owner: keycloak
--

COPY public.resource_server_perm_ticket (id, owner, requester, created_timestamp, granted_timestamp, resource_id, scope_id, resource_server_id, policy_id) FROM stdin;
\.


--
-- Data for Name: resource_server_policy; Type: TABLE DATA; Schema: public; Owner: keycloak
--

COPY public.resource_server_policy (id, name, description, type, decision_strategy, logic, resource_server_id, owner) FROM stdin;
\.


--
-- Data for Name: resource_server_resource; Type: TABLE DATA; Schema: public; Owner: keycloak
--

COPY public.resource_server_resource (id, name, type, icon_uri, owner, resource_server_id, owner_managed_access, display_name) FROM stdin;
\.


--
-- Data for Name: resource_server_scope; Type: TABLE DATA; Schema: public; Owner: keycloak
--

COPY public.resource_server_scope (id, name, icon_uri, resource_server_id, display_name) FROM stdin;
\.


--
-- Data for Name: resource_uris; Type: TABLE DATA; Schema: public; Owner: keycloak
--

COPY public.resource_uris (resource_id, value) FROM stdin;
\.


--
-- Data for Name: role_attribute; Type: TABLE DATA; Schema: public; Owner: keycloak
--

COPY public.role_attribute (id, role_id, name, value) FROM stdin;
\.


--
-- Data for Name: scope_mapping; Type: TABLE DATA; Schema: public; Owner: keycloak
--

COPY public.scope_mapping (client_id, role_id) FROM stdin;
1edb53f6-3936-46c8-8329-4c694730bebb	aa935992-177c-4b37-baf7-f5f8ae32468b
1edb53f6-3936-46c8-8329-4c694730bebb	7f13753c-dbe8-42b3-9390-ca8d2428a78b
88d1b5bf-8de3-4650-ab47-03e482718370	e7d21ace-7e6b-448d-8ab4-72b9c1effd72
88d1b5bf-8de3-4650-ab47-03e482718370	85690fb9-8525-4ce3-a100-ab59e38f6d5e
\.


--
-- Data for Name: scope_policy; Type: TABLE DATA; Schema: public; Owner: keycloak
--

COPY public.scope_policy (scope_id, policy_id) FROM stdin;
\.


--
-- Data for Name: user_attribute; Type: TABLE DATA; Schema: public; Owner: keycloak
--

COPY public.user_attribute (name, value, user_id, id) FROM stdin;
\.


--
-- Data for Name: user_consent; Type: TABLE DATA; Schema: public; Owner: keycloak
--

COPY public.user_consent (id, client_id, user_id, created_date, last_updated_date, client_storage_provider, external_client_id) FROM stdin;
\.


--
-- Data for Name: user_consent_client_scope; Type: TABLE DATA; Schema: public; Owner: keycloak
--

COPY public.user_consent_client_scope (user_consent_id, scope_id) FROM stdin;
\.


--
-- Data for Name: user_entity; Type: TABLE DATA; Schema: public; Owner: keycloak
--

COPY public.user_entity (id, email, email_constraint, email_verified, enabled, federation_link, first_name, last_name, realm_id, username, created_timestamp, service_account_client_link, not_before) FROM stdin;
5362dff9-2c51-4a6b-a5fb-e93574fb8f62	\N	0d57669c-6e2f-4bc9-b2f6-be4f1b374663	f	t	\N	\N	\N	c4049252-49df-41a9-aef7-48d83ef55b9b	admin	1698593994657	\N	0
32796b05-317e-4469-8b52-549ce1d0745f	ourboard-test@example.com	ourboard-test@example.com	f	t	\N	\N	\N	144c0b69-8ccd-41f8-8b1c-ae9ff24bac0a	ourboard-test	1698594057700	\N	0
\.


--
-- Data for Name: user_federation_config; Type: TABLE DATA; Schema: public; Owner: keycloak
--

COPY public.user_federation_config (user_federation_provider_id, value, name) FROM stdin;
\.


--
-- Data for Name: user_federation_mapper; Type: TABLE DATA; Schema: public; Owner: keycloak
--

COPY public.user_federation_mapper (id, name, federation_provider_id, federation_mapper_type, realm_id) FROM stdin;
\.


--
-- Data for Name: user_federation_mapper_config; Type: TABLE DATA; Schema: public; Owner: keycloak
--

COPY public.user_federation_mapper_config (user_federation_mapper_id, value, name) FROM stdin;
\.


--
-- Data for Name: user_federation_provider; Type: TABLE DATA; Schema: public; Owner: keycloak
--

COPY public.user_federation_provider (id, changed_sync_period, display_name, full_sync_period, last_sync, priority, provider_name, realm_id) FROM stdin;
\.


--
-- Data for Name: user_group_membership; Type: TABLE DATA; Schema: public; Owner: keycloak
--

COPY public.user_group_membership (group_id, user_id) FROM stdin;
\.


--
-- Data for Name: user_required_action; Type: TABLE DATA; Schema: public; Owner: keycloak
--

COPY public.user_required_action (user_id, required_action) FROM stdin;
\.


--
-- Data for Name: user_role_mapping; Type: TABLE DATA; Schema: public; Owner: keycloak
--

COPY public.user_role_mapping (role_id, user_id) FROM stdin;
1102e6ef-567c-495f-9704-609b8439f6ed	5362dff9-2c51-4a6b-a5fb-e93574fb8f62
46550935-9d8b-463d-acb7-76e5914619fc	5362dff9-2c51-4a6b-a5fb-e93574fb8f62
247b42fe-6f30-4b0b-b5ac-96447df756b8	5362dff9-2c51-4a6b-a5fb-e93574fb8f62
2193a964-a5d7-4e85-8c35-0f3cb7bc9682	5362dff9-2c51-4a6b-a5fb-e93574fb8f62
4904d33e-7188-420d-a264-93f17fd58095	5362dff9-2c51-4a6b-a5fb-e93574fb8f62
fd88bb53-f80a-44ad-ae72-2368bf56691c	5362dff9-2c51-4a6b-a5fb-e93574fb8f62
87c8788d-9c09-4687-a548-80a4202e33f4	5362dff9-2c51-4a6b-a5fb-e93574fb8f62
341e9c39-5731-47dd-9c83-a4f94b099a3d	5362dff9-2c51-4a6b-a5fb-e93574fb8f62
68244192-cd4f-4cbf-8abd-e0ed5f73bf49	5362dff9-2c51-4a6b-a5fb-e93574fb8f62
8405b1b3-91da-43b0-a71c-af5b22e3d643	5362dff9-2c51-4a6b-a5fb-e93574fb8f62
e4cd51e3-0628-4992-a027-be78a0b6c5b8	5362dff9-2c51-4a6b-a5fb-e93574fb8f62
2d632b33-d875-491d-8e12-e6cf68f117f2	5362dff9-2c51-4a6b-a5fb-e93574fb8f62
f1e68c21-ffd9-4154-87ac-a25175432022	5362dff9-2c51-4a6b-a5fb-e93574fb8f62
c3713905-4f3d-4a0d-a564-233ebaf7c0c8	5362dff9-2c51-4a6b-a5fb-e93574fb8f62
90b14ddf-7076-4f7d-a398-fc284b8fb064	5362dff9-2c51-4a6b-a5fb-e93574fb8f62
322e8bdd-eebf-4236-8256-acdf1e06199d	5362dff9-2c51-4a6b-a5fb-e93574fb8f62
d5a944ea-ca53-4b24-8a5f-3213c5ffe7ea	5362dff9-2c51-4a6b-a5fb-e93574fb8f62
3b54e2ac-8edc-4c20-a3e2-52a261118492	5362dff9-2c51-4a6b-a5fb-e93574fb8f62
fb6f79cb-d573-4829-9d60-b92ea98099ef	5362dff9-2c51-4a6b-a5fb-e93574fb8f62
d18c7a1e-954a-478c-84cd-ab60ac89c351	32796b05-317e-4469-8b52-549ce1d0745f
\.


--
-- Data for Name: user_session; Type: TABLE DATA; Schema: public; Owner: keycloak
--

COPY public.user_session (id, auth_method, ip_address, last_session_refresh, login_username, realm_id, remember_me, started, user_id, user_session_state, broker_session_id, broker_user_id) FROM stdin;
\.


--
-- Data for Name: user_session_note; Type: TABLE DATA; Schema: public; Owner: keycloak
--

COPY public.user_session_note (user_session, name, value) FROM stdin;
\.


--
-- Data for Name: username_login_failure; Type: TABLE DATA; Schema: public; Owner: keycloak
--

COPY public.username_login_failure (realm_id, username, failed_login_not_before, last_failure, last_ip_failure, num_failures) FROM stdin;
\.


--
-- Data for Name: web_origins; Type: TABLE DATA; Schema: public; Owner: keycloak
--

COPY public.web_origins (client_id, value) FROM stdin;
5edf2eb5-b5b0-4498-9670-afad3c6058bd	+
8322058b-b4d7-4556-9d03-b35b959fedfe	+
ed37d3b3-4644-4240-80c5-81954eb2cb6c	http://localhost:1337
\.


--
-- Name: username_login_failure CONSTRAINT_17-2; Type: CONSTRAINT; Schema: public; Owner: keycloak
--

ALTER TABLE ONLY public.username_login_failure
    ADD CONSTRAINT "CONSTRAINT_17-2" PRIMARY KEY (realm_id, username);


--
-- Name: keycloak_role UK_J3RWUVD56ONTGSUHOGM184WW2-2; Type: CONSTRAINT; Schema: public; Owner: keycloak
--

ALTER TABLE ONLY public.keycloak_role
    ADD CONSTRAINT "UK_J3RWUVD56ONTGSUHOGM184WW2-2" UNIQUE (name, client_realm_constraint);


--
-- Name: client_auth_flow_bindings c_cli_flow_bind; Type: CONSTRAINT; Schema: public; Owner: keycloak
--

ALTER TABLE ONLY public.client_auth_flow_bindings
    ADD CONSTRAINT c_cli_flow_bind PRIMARY KEY (client_id, binding_name);


--
-- Name: client_scope_client c_cli_scope_bind; Type: CONSTRAINT; Schema: public; Owner: keycloak
--

ALTER TABLE ONLY public.client_scope_client
    ADD CONSTRAINT c_cli_scope_bind PRIMARY KEY (client_id, scope_id);


--
-- Name: client_initial_access cnstr_client_init_acc_pk; Type: CONSTRAINT; Schema: public; Owner: keycloak
--

ALTER TABLE ONLY public.client_initial_access
    ADD CONSTRAINT cnstr_client_init_acc_pk PRIMARY KEY (id);


--
-- Name: realm_default_groups con_group_id_def_groups; Type: CONSTRAINT; Schema: public; Owner: keycloak
--

ALTER TABLE ONLY public.realm_default_groups
    ADD CONSTRAINT con_group_id_def_groups UNIQUE (group_id);


--
-- Name: broker_link constr_broker_link_pk; Type: CONSTRAINT; Schema: public; Owner: keycloak
--

ALTER TABLE ONLY public.broker_link
    ADD CONSTRAINT constr_broker_link_pk PRIMARY KEY (identity_provider, user_id);


--
-- Name: client_user_session_note constr_cl_usr_ses_note; Type: CONSTRAINT; Schema: public; Owner: keycloak
--

ALTER TABLE ONLY public.client_user_session_note
    ADD CONSTRAINT constr_cl_usr_ses_note PRIMARY KEY (client_session, name);


--
-- Name: component_config constr_component_config_pk; Type: CONSTRAINT; Schema: public; Owner: keycloak
--

ALTER TABLE ONLY public.component_config
    ADD CONSTRAINT constr_component_config_pk PRIMARY KEY (id);


--
-- Name: component constr_component_pk; Type: CONSTRAINT; Schema: public; Owner: keycloak
--

ALTER TABLE ONLY public.component
    ADD CONSTRAINT constr_component_pk PRIMARY KEY (id);


--
-- Name: fed_user_required_action constr_fed_required_action; Type: CONSTRAINT; Schema: public; Owner: keycloak
--

ALTER TABLE ONLY public.fed_user_required_action
    ADD CONSTRAINT constr_fed_required_action PRIMARY KEY (required_action, user_id);


--
-- Name: fed_user_attribute constr_fed_user_attr_pk; Type: CONSTRAINT; Schema: public; Owner: keycloak
--

ALTER TABLE ONLY public.fed_user_attribute
    ADD CONSTRAINT constr_fed_user_attr_pk PRIMARY KEY (id);


--
-- Name: fed_user_consent constr_fed_user_consent_pk; Type: CONSTRAINT; Schema: public; Owner: keycloak
--

ALTER TABLE ONLY public.fed_user_consent
    ADD CONSTRAINT constr_fed_user_consent_pk PRIMARY KEY (id);


--
-- Name: fed_user_credential constr_fed_user_cred_pk; Type: CONSTRAINT; Schema: public; Owner: keycloak
--

ALTER TABLE ONLY public.fed_user_credential
    ADD CONSTRAINT constr_fed_user_cred_pk PRIMARY KEY (id);


--
-- Name: fed_user_group_membership constr_fed_user_group; Type: CONSTRAINT; Schema: public; Owner: keycloak
--

ALTER TABLE ONLY public.fed_user_group_membership
    ADD CONSTRAINT constr_fed_user_group PRIMARY KEY (group_id, user_id);


--
-- Name: fed_user_role_mapping constr_fed_user_role; Type: CONSTRAINT; Schema: public; Owner: keycloak
--

ALTER TABLE ONLY public.fed_user_role_mapping
    ADD CONSTRAINT constr_fed_user_role PRIMARY KEY (role_id, user_id);


--
-- Name: federated_user constr_federated_user; Type: CONSTRAINT; Schema: public; Owner: keycloak
--

ALTER TABLE ONLY public.federated_user
    ADD CONSTRAINT constr_federated_user PRIMARY KEY (id);


--
-- Name: realm_default_groups constr_realm_default_groups; Type: CONSTRAINT; Schema: public; Owner: keycloak
--

ALTER TABLE ONLY public.realm_default_groups
    ADD CONSTRAINT constr_realm_default_groups PRIMARY KEY (realm_id, group_id);


--
-- Name: realm_enabled_event_types constr_realm_enabl_event_types; Type: CONSTRAINT; Schema: public; Owner: keycloak
--

ALTER TABLE ONLY public.realm_enabled_event_types
    ADD CONSTRAINT constr_realm_enabl_event_types PRIMARY KEY (realm_id, value);


--
-- Name: realm_events_listeners constr_realm_events_listeners; Type: CONSTRAINT; Schema: public; Owner: keycloak
--

ALTER TABLE ONLY public.realm_events_listeners
    ADD CONSTRAINT constr_realm_events_listeners PRIMARY KEY (realm_id, value);


--
-- Name: realm_supported_locales constr_realm_supported_locales; Type: CONSTRAINT; Schema: public; Owner: keycloak
--

ALTER TABLE ONLY public.realm_supported_locales
    ADD CONSTRAINT constr_realm_supported_locales PRIMARY KEY (realm_id, value);


--
-- Name: identity_provider constraint_2b; Type: CONSTRAINT; Schema: public; Owner: keycloak
--

ALTER TABLE ONLY public.identity_provider
    ADD CONSTRAINT constraint_2b PRIMARY KEY (internal_id);


--
-- Name: client_attributes constraint_3c; Type: CONSTRAINT; Schema: public; Owner: keycloak
--

ALTER TABLE ONLY public.client_attributes
    ADD CONSTRAINT constraint_3c PRIMARY KEY (client_id, name);


--
-- Name: event_entity constraint_4; Type: CONSTRAINT; Schema: public; Owner: keycloak
--

ALTER TABLE ONLY public.event_entity
    ADD CONSTRAINT constraint_4 PRIMARY KEY (id);


--
-- Name: federated_identity constraint_40; Type: CONSTRAINT; Schema: public; Owner: keycloak
--

ALTER TABLE ONLY public.federated_identity
    ADD CONSTRAINT constraint_40 PRIMARY KEY (identity_provider, user_id);


--
-- Name: realm constraint_4a; Type: CONSTRAINT; Schema: public; Owner: keycloak
--

ALTER TABLE ONLY public.realm
    ADD CONSTRAINT constraint_4a PRIMARY KEY (id);


--
-- Name: client_session_role constraint_5; Type: CONSTRAINT; Schema: public; Owner: keycloak
--

ALTER TABLE ONLY public.client_session_role
    ADD CONSTRAINT constraint_5 PRIMARY KEY (client_session, role_id);


--
-- Name: user_session constraint_57; Type: CONSTRAINT; Schema: public; Owner: keycloak
--

ALTER TABLE ONLY public.user_session
    ADD CONSTRAINT constraint_57 PRIMARY KEY (id);


--
-- Name: user_federation_provider constraint_5c; Type: CONSTRAINT; Schema: public; Owner: keycloak
--

ALTER TABLE ONLY public.user_federation_provider
    ADD CONSTRAINT constraint_5c PRIMARY KEY (id);


--
-- Name: client_session_note constraint_5e; Type: CONSTRAINT; Schema: public; Owner: keycloak
--

ALTER TABLE ONLY public.client_session_note
    ADD CONSTRAINT constraint_5e PRIMARY KEY (client_session, name);


--
-- Name: client constraint_7; Type: CONSTRAINT; Schema: public; Owner: keycloak
--

ALTER TABLE ONLY public.client
    ADD CONSTRAINT constraint_7 PRIMARY KEY (id);


--
-- Name: client_session constraint_8; Type: CONSTRAINT; Schema: public; Owner: keycloak
--

ALTER TABLE ONLY public.client_session
    ADD CONSTRAINT constraint_8 PRIMARY KEY (id);


--
-- Name: scope_mapping constraint_81; Type: CONSTRAINT; Schema: public; Owner: keycloak
--

ALTER TABLE ONLY public.scope_mapping
    ADD CONSTRAINT constraint_81 PRIMARY KEY (client_id, role_id);


--
-- Name: client_node_registrations constraint_84; Type: CONSTRAINT; Schema: public; Owner: keycloak
--

ALTER TABLE ONLY public.client_node_registrations
    ADD CONSTRAINT constraint_84 PRIMARY KEY (client_id, name);


--
-- Name: realm_attribute constraint_9; Type: CONSTRAINT; Schema: public; Owner: keycloak
--

ALTER TABLE ONLY public.realm_attribute
    ADD CONSTRAINT constraint_9 PRIMARY KEY (name, realm_id);


--
-- Name: realm_required_credential constraint_92; Type: CONSTRAINT; Schema: public; Owner: keycloak
--

ALTER TABLE ONLY public.realm_required_credential
    ADD CONSTRAINT constraint_92 PRIMARY KEY (realm_id, type);


--
-- Name: keycloak_role constraint_a; Type: CONSTRAINT; Schema: public; Owner: keycloak
--

ALTER TABLE ONLY public.keycloak_role
    ADD CONSTRAINT constraint_a PRIMARY KEY (id);


--
-- Name: admin_event_entity constraint_admin_event_entity; Type: CONSTRAINT; Schema: public; Owner: keycloak
--

ALTER TABLE ONLY public.admin_event_entity
    ADD CONSTRAINT constraint_admin_event_entity PRIMARY KEY (id);


--
-- Name: authenticator_config_entry constraint_auth_cfg_pk; Type: CONSTRAINT; Schema: public; Owner: keycloak
--

ALTER TABLE ONLY public.authenticator_config_entry
    ADD CONSTRAINT constraint_auth_cfg_pk PRIMARY KEY (authenticator_id, name);


--
-- Name: authentication_execution constraint_auth_exec_pk; Type: CONSTRAINT; Schema: public; Owner: keycloak
--

ALTER TABLE ONLY public.authentication_execution
    ADD CONSTRAINT constraint_auth_exec_pk PRIMARY KEY (id);


--
-- Name: authentication_flow constraint_auth_flow_pk; Type: CONSTRAINT; Schema: public; Owner: keycloak
--

ALTER TABLE ONLY public.authentication_flow
    ADD CONSTRAINT constraint_auth_flow_pk PRIMARY KEY (id);


--
-- Name: authenticator_config constraint_auth_pk; Type: CONSTRAINT; Schema: public; Owner: keycloak
--

ALTER TABLE ONLY public.authenticator_config
    ADD CONSTRAINT constraint_auth_pk PRIMARY KEY (id);


--
-- Name: client_session_auth_status constraint_auth_status_pk; Type: CONSTRAINT; Schema: public; Owner: keycloak
--

ALTER TABLE ONLY public.client_session_auth_status
    ADD CONSTRAINT constraint_auth_status_pk PRIMARY KEY (client_session, authenticator);


--
-- Name: user_role_mapping constraint_c; Type: CONSTRAINT; Schema: public; Owner: keycloak
--

ALTER TABLE ONLY public.user_role_mapping
    ADD CONSTRAINT constraint_c PRIMARY KEY (role_id, user_id);


--
-- Name: composite_role constraint_composite_role; Type: CONSTRAINT; Schema: public; Owner: keycloak
--

ALTER TABLE ONLY public.composite_role
    ADD CONSTRAINT constraint_composite_role PRIMARY KEY (composite, child_role);


--
-- Name: client_session_prot_mapper constraint_cs_pmp_pk; Type: CONSTRAINT; Schema: public; Owner: keycloak
--

ALTER TABLE ONLY public.client_session_prot_mapper
    ADD CONSTRAINT constraint_cs_pmp_pk PRIMARY KEY (client_session, protocol_mapper_id);


--
-- Name: identity_provider_config constraint_d; Type: CONSTRAINT; Schema: public; Owner: keycloak
--

ALTER TABLE ONLY public.identity_provider_config
    ADD CONSTRAINT constraint_d PRIMARY KEY (identity_provider_id, name);


--
-- Name: policy_config constraint_dpc; Type: CONSTRAINT; Schema: public; Owner: keycloak
--

ALTER TABLE ONLY public.policy_config
    ADD CONSTRAINT constraint_dpc PRIMARY KEY (policy_id, name);


--
-- Name: realm_smtp_config constraint_e; Type: CONSTRAINT; Schema: public; Owner: keycloak
--

ALTER TABLE ONLY public.realm_smtp_config
    ADD CONSTRAINT constraint_e PRIMARY KEY (realm_id, name);


--
-- Name: credential constraint_f; Type: CONSTRAINT; Schema: public; Owner: keycloak
--

ALTER TABLE ONLY public.credential
    ADD CONSTRAINT constraint_f PRIMARY KEY (id);


--
-- Name: user_federation_config constraint_f9; Type: CONSTRAINT; Schema: public; Owner: keycloak
--

ALTER TABLE ONLY public.user_federation_config
    ADD CONSTRAINT constraint_f9 PRIMARY KEY (user_federation_provider_id, name);


--
-- Name: resource_server_perm_ticket constraint_fapmt; Type: CONSTRAINT; Schema: public; Owner: keycloak
--

ALTER TABLE ONLY public.resource_server_perm_ticket
    ADD CONSTRAINT constraint_fapmt PRIMARY KEY (id);


--
-- Name: resource_server_resource constraint_farsr; Type: CONSTRAINT; Schema: public; Owner: keycloak
--

ALTER TABLE ONLY public.resource_server_resource
    ADD CONSTRAINT constraint_farsr PRIMARY KEY (id);


--
-- Name: resource_server_policy constraint_farsrp; Type: CONSTRAINT; Schema: public; Owner: keycloak
--

ALTER TABLE ONLY public.resource_server_policy
    ADD CONSTRAINT constraint_farsrp PRIMARY KEY (id);


--
-- Name: associated_policy constraint_farsrpap; Type: CONSTRAINT; Schema: public; Owner: keycloak
--

ALTER TABLE ONLY public.associated_policy
    ADD CONSTRAINT constraint_farsrpap PRIMARY KEY (policy_id, associated_policy_id);


--
-- Name: resource_policy constraint_farsrpp; Type: CONSTRAINT; Schema: public; Owner: keycloak
--

ALTER TABLE ONLY public.resource_policy
    ADD CONSTRAINT constraint_farsrpp PRIMARY KEY (resource_id, policy_id);


--
-- Name: resource_server_scope constraint_farsrs; Type: CONSTRAINT; Schema: public; Owner: keycloak
--

ALTER TABLE ONLY public.resource_server_scope
    ADD CONSTRAINT constraint_farsrs PRIMARY KEY (id);


--
-- Name: resource_scope constraint_farsrsp; Type: CONSTRAINT; Schema: public; Owner: keycloak
--

ALTER TABLE ONLY public.resource_scope
    ADD CONSTRAINT constraint_farsrsp PRIMARY KEY (resource_id, scope_id);


--
-- Name: scope_policy constraint_farsrsps; Type: CONSTRAINT; Schema: public; Owner: keycloak
--

ALTER TABLE ONLY public.scope_policy
    ADD CONSTRAINT constraint_farsrsps PRIMARY KEY (scope_id, policy_id);


--
-- Name: user_entity constraint_fb; Type: CONSTRAINT; Schema: public; Owner: keycloak
--

ALTER TABLE ONLY public.user_entity
    ADD CONSTRAINT constraint_fb PRIMARY KEY (id);


--
-- Name: user_federation_mapper_config constraint_fedmapper_cfg_pm; Type: CONSTRAINT; Schema: public; Owner: keycloak
--

ALTER TABLE ONLY public.user_federation_mapper_config
    ADD CONSTRAINT constraint_fedmapper_cfg_pm PRIMARY KEY (user_federation_mapper_id, name);


--
-- Name: user_federation_mapper constraint_fedmapperpm; Type: CONSTRAINT; Schema: public; Owner: keycloak
--

ALTER TABLE ONLY public.user_federation_mapper
    ADD CONSTRAINT constraint_fedmapperpm PRIMARY KEY (id);


--
-- Name: fed_user_consent_cl_scope constraint_fgrntcsnt_clsc_pm; Type: CONSTRAINT; Schema: public; Owner: keycloak
--

ALTER TABLE ONLY public.fed_user_consent_cl_scope
    ADD CONSTRAINT constraint_fgrntcsnt_clsc_pm PRIMARY KEY (user_consent_id, scope_id);


--
-- Name: user_consent_client_scope constraint_grntcsnt_clsc_pm; Type: CONSTRAINT; Schema: public; Owner: keycloak
--

ALTER TABLE ONLY public.user_consent_client_scope
    ADD CONSTRAINT constraint_grntcsnt_clsc_pm PRIMARY KEY (user_consent_id, scope_id);


--
-- Name: user_consent constraint_grntcsnt_pm; Type: CONSTRAINT; Schema: public; Owner: keycloak
--

ALTER TABLE ONLY public.user_consent
    ADD CONSTRAINT constraint_grntcsnt_pm PRIMARY KEY (id);


--
-- Name: keycloak_group constraint_group; Type: CONSTRAINT; Schema: public; Owner: keycloak
--

ALTER TABLE ONLY public.keycloak_group
    ADD CONSTRAINT constraint_group PRIMARY KEY (id);


--
-- Name: group_attribute constraint_group_attribute_pk; Type: CONSTRAINT; Schema: public; Owner: keycloak
--

ALTER TABLE ONLY public.group_attribute
    ADD CONSTRAINT constraint_group_attribute_pk PRIMARY KEY (id);


--
-- Name: group_role_mapping constraint_group_role; Type: CONSTRAINT; Schema: public; Owner: keycloak
--

ALTER TABLE ONLY public.group_role_mapping
    ADD CONSTRAINT constraint_group_role PRIMARY KEY (role_id, group_id);


--
-- Name: identity_provider_mapper constraint_idpm; Type: CONSTRAINT; Schema: public; Owner: keycloak
--

ALTER TABLE ONLY public.identity_provider_mapper
    ADD CONSTRAINT constraint_idpm PRIMARY KEY (id);


--
-- Name: idp_mapper_config constraint_idpmconfig; Type: CONSTRAINT; Schema: public; Owner: keycloak
--

ALTER TABLE ONLY public.idp_mapper_config
    ADD CONSTRAINT constraint_idpmconfig PRIMARY KEY (idp_mapper_id, name);


--
-- Name: migration_model constraint_migmod; Type: CONSTRAINT; Schema: public; Owner: keycloak
--

ALTER TABLE ONLY public.migration_model
    ADD CONSTRAINT constraint_migmod PRIMARY KEY (id);


--
-- Name: offline_client_session constraint_offl_cl_ses_pk3; Type: CONSTRAINT; Schema: public; Owner: keycloak
--

ALTER TABLE ONLY public.offline_client_session
    ADD CONSTRAINT constraint_offl_cl_ses_pk3 PRIMARY KEY (user_session_id, client_id, client_storage_provider, external_client_id, offline_flag);


--
-- Name: offline_user_session constraint_offl_us_ses_pk2; Type: CONSTRAINT; Schema: public; Owner: keycloak
--

ALTER TABLE ONLY public.offline_user_session
    ADD CONSTRAINT constraint_offl_us_ses_pk2 PRIMARY KEY (user_session_id, offline_flag);


--
-- Name: protocol_mapper constraint_pcm; Type: CONSTRAINT; Schema: public; Owner: keycloak
--

ALTER TABLE ONLY public.protocol_mapper
    ADD CONSTRAINT constraint_pcm PRIMARY KEY (id);


--
-- Name: protocol_mapper_config constraint_pmconfig; Type: CONSTRAINT; Schema: public; Owner: keycloak
--

ALTER TABLE ONLY public.protocol_mapper_config
    ADD CONSTRAINT constraint_pmconfig PRIMARY KEY (protocol_mapper_id, name);


--
-- Name: redirect_uris constraint_redirect_uris; Type: CONSTRAINT; Schema: public; Owner: keycloak
--

ALTER TABLE ONLY public.redirect_uris
    ADD CONSTRAINT constraint_redirect_uris PRIMARY KEY (client_id, value);


--
-- Name: required_action_config constraint_req_act_cfg_pk; Type: CONSTRAINT; Schema: public; Owner: keycloak
--

ALTER TABLE ONLY public.required_action_config
    ADD CONSTRAINT constraint_req_act_cfg_pk PRIMARY KEY (required_action_id, name);


--
-- Name: required_action_provider constraint_req_act_prv_pk; Type: CONSTRAINT; Schema: public; Owner: keycloak
--

ALTER TABLE ONLY public.required_action_provider
    ADD CONSTRAINT constraint_req_act_prv_pk PRIMARY KEY (id);


--
-- Name: user_required_action constraint_required_action; Type: CONSTRAINT; Schema: public; Owner: keycloak
--

ALTER TABLE ONLY public.user_required_action
    ADD CONSTRAINT constraint_required_action PRIMARY KEY (required_action, user_id);


--
-- Name: resource_uris constraint_resour_uris_pk; Type: CONSTRAINT; Schema: public; Owner: keycloak
--

ALTER TABLE ONLY public.resource_uris
    ADD CONSTRAINT constraint_resour_uris_pk PRIMARY KEY (resource_id, value);


--
-- Name: role_attribute constraint_role_attribute_pk; Type: CONSTRAINT; Schema: public; Owner: keycloak
--

ALTER TABLE ONLY public.role_attribute
    ADD CONSTRAINT constraint_role_attribute_pk PRIMARY KEY (id);


--
-- Name: user_attribute constraint_user_attribute_pk; Type: CONSTRAINT; Schema: public; Owner: keycloak
--

ALTER TABLE ONLY public.user_attribute
    ADD CONSTRAINT constraint_user_attribute_pk PRIMARY KEY (id);


--
-- Name: user_group_membership constraint_user_group; Type: CONSTRAINT; Schema: public; Owner: keycloak
--

ALTER TABLE ONLY public.user_group_membership
    ADD CONSTRAINT constraint_user_group PRIMARY KEY (group_id, user_id);


--
-- Name: user_session_note constraint_usn_pk; Type: CONSTRAINT; Schema: public; Owner: keycloak
--

ALTER TABLE ONLY public.user_session_note
    ADD CONSTRAINT constraint_usn_pk PRIMARY KEY (user_session, name);


--
-- Name: web_origins constraint_web_origins; Type: CONSTRAINT; Schema: public; Owner: keycloak
--

ALTER TABLE ONLY public.web_origins
    ADD CONSTRAINT constraint_web_origins PRIMARY KEY (client_id, value);


--
-- Name: databasechangeloglock databasechangeloglock_pkey; Type: CONSTRAINT; Schema: public; Owner: keycloak
--

ALTER TABLE ONLY public.databasechangeloglock
    ADD CONSTRAINT databasechangeloglock_pkey PRIMARY KEY (id);


--
-- Name: client_scope_attributes pk_cl_tmpl_attr; Type: CONSTRAINT; Schema: public; Owner: keycloak
--

ALTER TABLE ONLY public.client_scope_attributes
    ADD CONSTRAINT pk_cl_tmpl_attr PRIMARY KEY (scope_id, name);


--
-- Name: client_scope pk_cli_template; Type: CONSTRAINT; Schema: public; Owner: keycloak
--

ALTER TABLE ONLY public.client_scope
    ADD CONSTRAINT pk_cli_template PRIMARY KEY (id);


--
-- Name: resource_server pk_resource_server; Type: CONSTRAINT; Schema: public; Owner: keycloak
--

ALTER TABLE ONLY public.resource_server
    ADD CONSTRAINT pk_resource_server PRIMARY KEY (id);


--
-- Name: client_scope_role_mapping pk_template_scope; Type: CONSTRAINT; Schema: public; Owner: keycloak
--

ALTER TABLE ONLY public.client_scope_role_mapping
    ADD CONSTRAINT pk_template_scope PRIMARY KEY (scope_id, role_id);


--
-- Name: default_client_scope r_def_cli_scope_bind; Type: CONSTRAINT; Schema: public; Owner: keycloak
--

ALTER TABLE ONLY public.default_client_scope
    ADD CONSTRAINT r_def_cli_scope_bind PRIMARY KEY (realm_id, scope_id);


--
-- Name: realm_localizations realm_localizations_pkey; Type: CONSTRAINT; Schema: public; Owner: keycloak
--

ALTER TABLE ONLY public.realm_localizations
    ADD CONSTRAINT realm_localizations_pkey PRIMARY KEY (realm_id, locale);


--
-- Name: resource_attribute res_attr_pk; Type: CONSTRAINT; Schema: public; Owner: keycloak
--

ALTER TABLE ONLY public.resource_attribute
    ADD CONSTRAINT res_attr_pk PRIMARY KEY (id);


--
-- Name: keycloak_group sibling_names; Type: CONSTRAINT; Schema: public; Owner: keycloak
--

ALTER TABLE ONLY public.keycloak_group
    ADD CONSTRAINT sibling_names UNIQUE (realm_id, parent_group, name);


--
-- Name: identity_provider uk_2daelwnibji49avxsrtuf6xj33; Type: CONSTRAINT; Schema: public; Owner: keycloak
--

ALTER TABLE ONLY public.identity_provider
    ADD CONSTRAINT uk_2daelwnibji49avxsrtuf6xj33 UNIQUE (provider_alias, realm_id);


--
-- Name: client uk_b71cjlbenv945rb6gcon438at; Type: CONSTRAINT; Schema: public; Owner: keycloak
--

ALTER TABLE ONLY public.client
    ADD CONSTRAINT uk_b71cjlbenv945rb6gcon438at UNIQUE (realm_id, client_id);


--
-- Name: client_scope uk_cli_scope; Type: CONSTRAINT; Schema: public; Owner: keycloak
--

ALTER TABLE ONLY public.client_scope
    ADD CONSTRAINT uk_cli_scope UNIQUE (realm_id, name);


--
-- Name: user_entity uk_dykn684sl8up1crfei6eckhd7; Type: CONSTRAINT; Schema: public; Owner: keycloak
--

ALTER TABLE ONLY public.user_entity
    ADD CONSTRAINT uk_dykn684sl8up1crfei6eckhd7 UNIQUE (realm_id, email_constraint);


--
-- Name: resource_server_resource uk_frsr6t700s9v50bu18ws5ha6; Type: CONSTRAINT; Schema: public; Owner: keycloak
--

ALTER TABLE ONLY public.resource_server_resource
    ADD CONSTRAINT uk_frsr6t700s9v50bu18ws5ha6 UNIQUE (name, owner, resource_server_id);


--
-- Name: resource_server_perm_ticket uk_frsr6t700s9v50bu18ws5pmt; Type: CONSTRAINT; Schema: public; Owner: keycloak
--

ALTER TABLE ONLY public.resource_server_perm_ticket
    ADD CONSTRAINT uk_frsr6t700s9v50bu18ws5pmt UNIQUE (owner, requester, resource_server_id, resource_id, scope_id);


--
-- Name: resource_server_policy uk_frsrpt700s9v50bu18ws5ha6; Type: CONSTRAINT; Schema: public; Owner: keycloak
--

ALTER TABLE ONLY public.resource_server_policy
    ADD CONSTRAINT uk_frsrpt700s9v50bu18ws5ha6 UNIQUE (name, resource_server_id);


--
-- Name: resource_server_scope uk_frsrst700s9v50bu18ws5ha6; Type: CONSTRAINT; Schema: public; Owner: keycloak
--

ALTER TABLE ONLY public.resource_server_scope
    ADD CONSTRAINT uk_frsrst700s9v50bu18ws5ha6 UNIQUE (name, resource_server_id);


--
-- Name: user_consent uk_jkuwuvd56ontgsuhogm8uewrt; Type: CONSTRAINT; Schema: public; Owner: keycloak
--

ALTER TABLE ONLY public.user_consent
    ADD CONSTRAINT uk_jkuwuvd56ontgsuhogm8uewrt UNIQUE (client_id, client_storage_provider, external_client_id, user_id);


--
-- Name: realm uk_orvsdmla56612eaefiq6wl5oi; Type: CONSTRAINT; Schema: public; Owner: keycloak
--

ALTER TABLE ONLY public.realm
    ADD CONSTRAINT uk_orvsdmla56612eaefiq6wl5oi UNIQUE (name);


--
-- Name: user_entity uk_ru8tt6t700s9v50bu18ws5ha6; Type: CONSTRAINT; Schema: public; Owner: keycloak
--

ALTER TABLE ONLY public.user_entity
    ADD CONSTRAINT uk_ru8tt6t700s9v50bu18ws5ha6 UNIQUE (realm_id, username);


--
-- Name: idx_admin_event_time; Type: INDEX; Schema: public; Owner: keycloak
--

CREATE INDEX idx_admin_event_time ON public.admin_event_entity USING btree (realm_id, admin_event_time);


--
-- Name: idx_assoc_pol_assoc_pol_id; Type: INDEX; Schema: public; Owner: keycloak
--

CREATE INDEX idx_assoc_pol_assoc_pol_id ON public.associated_policy USING btree (associated_policy_id);


--
-- Name: idx_auth_config_realm; Type: INDEX; Schema: public; Owner: keycloak
--

CREATE INDEX idx_auth_config_realm ON public.authenticator_config USING btree (realm_id);


--
-- Name: idx_auth_exec_flow; Type: INDEX; Schema: public; Owner: keycloak
--

CREATE INDEX idx_auth_exec_flow ON public.authentication_execution USING btree (flow_id);


--
-- Name: idx_auth_exec_realm_flow; Type: INDEX; Schema: public; Owner: keycloak
--

CREATE INDEX idx_auth_exec_realm_flow ON public.authentication_execution USING btree (realm_id, flow_id);


--
-- Name: idx_auth_flow_realm; Type: INDEX; Schema: public; Owner: keycloak
--

CREATE INDEX idx_auth_flow_realm ON public.authentication_flow USING btree (realm_id);


--
-- Name: idx_cl_clscope; Type: INDEX; Schema: public; Owner: keycloak
--

CREATE INDEX idx_cl_clscope ON public.client_scope_client USING btree (scope_id);


--
-- Name: idx_client_id; Type: INDEX; Schema: public; Owner: keycloak
--

CREATE INDEX idx_client_id ON public.client USING btree (client_id);


--
-- Name: idx_client_init_acc_realm; Type: INDEX; Schema: public; Owner: keycloak
--

CREATE INDEX idx_client_init_acc_realm ON public.client_initial_access USING btree (realm_id);


--
-- Name: idx_client_session_session; Type: INDEX; Schema: public; Owner: keycloak
--

CREATE INDEX idx_client_session_session ON public.client_session USING btree (session_id);


--
-- Name: idx_clscope_attrs; Type: INDEX; Schema: public; Owner: keycloak
--

CREATE INDEX idx_clscope_attrs ON public.client_scope_attributes USING btree (scope_id);


--
-- Name: idx_clscope_cl; Type: INDEX; Schema: public; Owner: keycloak
--

CREATE INDEX idx_clscope_cl ON public.client_scope_client USING btree (client_id);


--
-- Name: idx_clscope_protmap; Type: INDEX; Schema: public; Owner: keycloak
--

CREATE INDEX idx_clscope_protmap ON public.protocol_mapper USING btree (client_scope_id);


--
-- Name: idx_clscope_role; Type: INDEX; Schema: public; Owner: keycloak
--

CREATE INDEX idx_clscope_role ON public.client_scope_role_mapping USING btree (scope_id);


--
-- Name: idx_compo_config_compo; Type: INDEX; Schema: public; Owner: keycloak
--

CREATE INDEX idx_compo_config_compo ON public.component_config USING btree (component_id);


--
-- Name: idx_component_provider_type; Type: INDEX; Schema: public; Owner: keycloak
--

CREATE INDEX idx_component_provider_type ON public.component USING btree (provider_type);


--
-- Name: idx_component_realm; Type: INDEX; Schema: public; Owner: keycloak
--

CREATE INDEX idx_component_realm ON public.component USING btree (realm_id);


--
-- Name: idx_composite; Type: INDEX; Schema: public; Owner: keycloak
--

CREATE INDEX idx_composite ON public.composite_role USING btree (composite);


--
-- Name: idx_composite_child; Type: INDEX; Schema: public; Owner: keycloak
--

CREATE INDEX idx_composite_child ON public.composite_role USING btree (child_role);


--
-- Name: idx_defcls_realm; Type: INDEX; Schema: public; Owner: keycloak
--

CREATE INDEX idx_defcls_realm ON public.default_client_scope USING btree (realm_id);


--
-- Name: idx_defcls_scope; Type: INDEX; Schema: public; Owner: keycloak
--

CREATE INDEX idx_defcls_scope ON public.default_client_scope USING btree (scope_id);


--
-- Name: idx_event_time; Type: INDEX; Schema: public; Owner: keycloak
--

CREATE INDEX idx_event_time ON public.event_entity USING btree (realm_id, event_time);


--
-- Name: idx_fedidentity_feduser; Type: INDEX; Schema: public; Owner: keycloak
--

CREATE INDEX idx_fedidentity_feduser ON public.federated_identity USING btree (federated_user_id);


--
-- Name: idx_fedidentity_user; Type: INDEX; Schema: public; Owner: keycloak
--

CREATE INDEX idx_fedidentity_user ON public.federated_identity USING btree (user_id);


--
-- Name: idx_fu_attribute; Type: INDEX; Schema: public; Owner: keycloak
--

CREATE INDEX idx_fu_attribute ON public.fed_user_attribute USING btree (user_id, realm_id, name);


--
-- Name: idx_fu_cnsnt_ext; Type: INDEX; Schema: public; Owner: keycloak
--

CREATE INDEX idx_fu_cnsnt_ext ON public.fed_user_consent USING btree (user_id, client_storage_provider, external_client_id);


--
-- Name: idx_fu_consent; Type: INDEX; Schema: public; Owner: keycloak
--

CREATE INDEX idx_fu_consent ON public.fed_user_consent USING btree (user_id, client_id);


--
-- Name: idx_fu_consent_ru; Type: INDEX; Schema: public; Owner: keycloak
--

CREATE INDEX idx_fu_consent_ru ON public.fed_user_consent USING btree (realm_id, user_id);


--
-- Name: idx_fu_credential; Type: INDEX; Schema: public; Owner: keycloak
--

CREATE INDEX idx_fu_credential ON public.fed_user_credential USING btree (user_id, type);


--
-- Name: idx_fu_credential_ru; Type: INDEX; Schema: public; Owner: keycloak
--

CREATE INDEX idx_fu_credential_ru ON public.fed_user_credential USING btree (realm_id, user_id);


--
-- Name: idx_fu_group_membership; Type: INDEX; Schema: public; Owner: keycloak
--

CREATE INDEX idx_fu_group_membership ON public.fed_user_group_membership USING btree (user_id, group_id);


--
-- Name: idx_fu_group_membership_ru; Type: INDEX; Schema: public; Owner: keycloak
--

CREATE INDEX idx_fu_group_membership_ru ON public.fed_user_group_membership USING btree (realm_id, user_id);


--
-- Name: idx_fu_required_action; Type: INDEX; Schema: public; Owner: keycloak
--

CREATE INDEX idx_fu_required_action ON public.fed_user_required_action USING btree (user_id, required_action);


--
-- Name: idx_fu_required_action_ru; Type: INDEX; Schema: public; Owner: keycloak
--

CREATE INDEX idx_fu_required_action_ru ON public.fed_user_required_action USING btree (realm_id, user_id);


--
-- Name: idx_fu_role_mapping; Type: INDEX; Schema: public; Owner: keycloak
--

CREATE INDEX idx_fu_role_mapping ON public.fed_user_role_mapping USING btree (user_id, role_id);


--
-- Name: idx_fu_role_mapping_ru; Type: INDEX; Schema: public; Owner: keycloak
--

CREATE INDEX idx_fu_role_mapping_ru ON public.fed_user_role_mapping USING btree (realm_id, user_id);


--
-- Name: idx_group_att_by_name_value; Type: INDEX; Schema: public; Owner: keycloak
--

CREATE INDEX idx_group_att_by_name_value ON public.group_attribute USING btree (name, ((value)::character varying(250)));


--
-- Name: idx_group_attr_group; Type: INDEX; Schema: public; Owner: keycloak
--

CREATE INDEX idx_group_attr_group ON public.group_attribute USING btree (group_id);


--
-- Name: idx_group_role_mapp_group; Type: INDEX; Schema: public; Owner: keycloak
--

CREATE INDEX idx_group_role_mapp_group ON public.group_role_mapping USING btree (group_id);


--
-- Name: idx_id_prov_mapp_realm; Type: INDEX; Schema: public; Owner: keycloak
--

CREATE INDEX idx_id_prov_mapp_realm ON public.identity_provider_mapper USING btree (realm_id);


--
-- Name: idx_ident_prov_realm; Type: INDEX; Schema: public; Owner: keycloak
--

CREATE INDEX idx_ident_prov_realm ON public.identity_provider USING btree (realm_id);


--
-- Name: idx_keycloak_role_client; Type: INDEX; Schema: public; Owner: keycloak
--

CREATE INDEX idx_keycloak_role_client ON public.keycloak_role USING btree (client);


--
-- Name: idx_keycloak_role_realm; Type: INDEX; Schema: public; Owner: keycloak
--

CREATE INDEX idx_keycloak_role_realm ON public.keycloak_role USING btree (realm);


--
-- Name: idx_offline_css_preload; Type: INDEX; Schema: public; Owner: keycloak
--

CREATE INDEX idx_offline_css_preload ON public.offline_client_session USING btree (client_id, offline_flag);


--
-- Name: idx_offline_uss_by_user; Type: INDEX; Schema: public; Owner: keycloak
--

CREATE INDEX idx_offline_uss_by_user ON public.offline_user_session USING btree (user_id, realm_id, offline_flag);


--
-- Name: idx_offline_uss_by_usersess; Type: INDEX; Schema: public; Owner: keycloak
--

CREATE INDEX idx_offline_uss_by_usersess ON public.offline_user_session USING btree (realm_id, offline_flag, user_session_id);


--
-- Name: idx_offline_uss_createdon; Type: INDEX; Schema: public; Owner: keycloak
--

CREATE INDEX idx_offline_uss_createdon ON public.offline_user_session USING btree (created_on);


--
-- Name: idx_offline_uss_preload; Type: INDEX; Schema: public; Owner: keycloak
--

CREATE INDEX idx_offline_uss_preload ON public.offline_user_session USING btree (offline_flag, created_on, user_session_id);


--
-- Name: idx_protocol_mapper_client; Type: INDEX; Schema: public; Owner: keycloak
--

CREATE INDEX idx_protocol_mapper_client ON public.protocol_mapper USING btree (client_id);


--
-- Name: idx_realm_attr_realm; Type: INDEX; Schema: public; Owner: keycloak
--

CREATE INDEX idx_realm_attr_realm ON public.realm_attribute USING btree (realm_id);


--
-- Name: idx_realm_clscope; Type: INDEX; Schema: public; Owner: keycloak
--

CREATE INDEX idx_realm_clscope ON public.client_scope USING btree (realm_id);


--
-- Name: idx_realm_def_grp_realm; Type: INDEX; Schema: public; Owner: keycloak
--

CREATE INDEX idx_realm_def_grp_realm ON public.realm_default_groups USING btree (realm_id);


--
-- Name: idx_realm_evt_list_realm; Type: INDEX; Schema: public; Owner: keycloak
--

CREATE INDEX idx_realm_evt_list_realm ON public.realm_events_listeners USING btree (realm_id);


--
-- Name: idx_realm_evt_types_realm; Type: INDEX; Schema: public; Owner: keycloak
--

CREATE INDEX idx_realm_evt_types_realm ON public.realm_enabled_event_types USING btree (realm_id);


--
-- Name: idx_realm_master_adm_cli; Type: INDEX; Schema: public; Owner: keycloak
--

CREATE INDEX idx_realm_master_adm_cli ON public.realm USING btree (master_admin_client);


--
-- Name: idx_realm_supp_local_realm; Type: INDEX; Schema: public; Owner: keycloak
--

CREATE INDEX idx_realm_supp_local_realm ON public.realm_supported_locales USING btree (realm_id);


--
-- Name: idx_redir_uri_client; Type: INDEX; Schema: public; Owner: keycloak
--

CREATE INDEX idx_redir_uri_client ON public.redirect_uris USING btree (client_id);


--
-- Name: idx_req_act_prov_realm; Type: INDEX; Schema: public; Owner: keycloak
--

CREATE INDEX idx_req_act_prov_realm ON public.required_action_provider USING btree (realm_id);


--
-- Name: idx_res_policy_policy; Type: INDEX; Schema: public; Owner: keycloak
--

CREATE INDEX idx_res_policy_policy ON public.resource_policy USING btree (policy_id);


--
-- Name: idx_res_scope_scope; Type: INDEX; Schema: public; Owner: keycloak
--

CREATE INDEX idx_res_scope_scope ON public.resource_scope USING btree (scope_id);


--
-- Name: idx_res_serv_pol_res_serv; Type: INDEX; Schema: public; Owner: keycloak
--

CREATE INDEX idx_res_serv_pol_res_serv ON public.resource_server_policy USING btree (resource_server_id);


--
-- Name: idx_res_srv_res_res_srv; Type: INDEX; Schema: public; Owner: keycloak
--

CREATE INDEX idx_res_srv_res_res_srv ON public.resource_server_resource USING btree (resource_server_id);


--
-- Name: idx_res_srv_scope_res_srv; Type: INDEX; Schema: public; Owner: keycloak
--

CREATE INDEX idx_res_srv_scope_res_srv ON public.resource_server_scope USING btree (resource_server_id);


--
-- Name: idx_role_attribute; Type: INDEX; Schema: public; Owner: keycloak
--

CREATE INDEX idx_role_attribute ON public.role_attribute USING btree (role_id);


--
-- Name: idx_role_clscope; Type: INDEX; Schema: public; Owner: keycloak
--

CREATE INDEX idx_role_clscope ON public.client_scope_role_mapping USING btree (role_id);


--
-- Name: idx_scope_mapping_role; Type: INDEX; Schema: public; Owner: keycloak
--

CREATE INDEX idx_scope_mapping_role ON public.scope_mapping USING btree (role_id);


--
-- Name: idx_scope_policy_policy; Type: INDEX; Schema: public; Owner: keycloak
--

CREATE INDEX idx_scope_policy_policy ON public.scope_policy USING btree (policy_id);


--
-- Name: idx_update_time; Type: INDEX; Schema: public; Owner: keycloak
--

CREATE INDEX idx_update_time ON public.migration_model USING btree (update_time);


--
-- Name: idx_us_sess_id_on_cl_sess; Type: INDEX; Schema: public; Owner: keycloak
--

CREATE INDEX idx_us_sess_id_on_cl_sess ON public.offline_client_session USING btree (user_session_id);


--
-- Name: idx_usconsent_clscope; Type: INDEX; Schema: public; Owner: keycloak
--

CREATE INDEX idx_usconsent_clscope ON public.user_consent_client_scope USING btree (user_consent_id);


--
-- Name: idx_user_attribute; Type: INDEX; Schema: public; Owner: keycloak
--

CREATE INDEX idx_user_attribute ON public.user_attribute USING btree (user_id);


--
-- Name: idx_user_attribute_name; Type: INDEX; Schema: public; Owner: keycloak
--

CREATE INDEX idx_user_attribute_name ON public.user_attribute USING btree (name, value);


--
-- Name: idx_user_consent; Type: INDEX; Schema: public; Owner: keycloak
--

CREATE INDEX idx_user_consent ON public.user_consent USING btree (user_id);


--
-- Name: idx_user_credential; Type: INDEX; Schema: public; Owner: keycloak
--

CREATE INDEX idx_user_credential ON public.credential USING btree (user_id);


--
-- Name: idx_user_email; Type: INDEX; Schema: public; Owner: keycloak
--

CREATE INDEX idx_user_email ON public.user_entity USING btree (email);


--
-- Name: idx_user_group_mapping; Type: INDEX; Schema: public; Owner: keycloak
--

CREATE INDEX idx_user_group_mapping ON public.user_group_membership USING btree (user_id);


--
-- Name: idx_user_reqactions; Type: INDEX; Schema: public; Owner: keycloak
--

CREATE INDEX idx_user_reqactions ON public.user_required_action USING btree (user_id);


--
-- Name: idx_user_role_mapping; Type: INDEX; Schema: public; Owner: keycloak
--

CREATE INDEX idx_user_role_mapping ON public.user_role_mapping USING btree (user_id);


--
-- Name: idx_user_service_account; Type: INDEX; Schema: public; Owner: keycloak
--

CREATE INDEX idx_user_service_account ON public.user_entity USING btree (realm_id, service_account_client_link);


--
-- Name: idx_usr_fed_map_fed_prv; Type: INDEX; Schema: public; Owner: keycloak
--

CREATE INDEX idx_usr_fed_map_fed_prv ON public.user_federation_mapper USING btree (federation_provider_id);


--
-- Name: idx_usr_fed_map_realm; Type: INDEX; Schema: public; Owner: keycloak
--

CREATE INDEX idx_usr_fed_map_realm ON public.user_federation_mapper USING btree (realm_id);


--
-- Name: idx_usr_fed_prv_realm; Type: INDEX; Schema: public; Owner: keycloak
--

CREATE INDEX idx_usr_fed_prv_realm ON public.user_federation_provider USING btree (realm_id);


--
-- Name: idx_web_orig_client; Type: INDEX; Schema: public; Owner: keycloak
--

CREATE INDEX idx_web_orig_client ON public.web_origins USING btree (client_id);


--
-- Name: client_session_auth_status auth_status_constraint; Type: FK CONSTRAINT; Schema: public; Owner: keycloak
--

ALTER TABLE ONLY public.client_session_auth_status
    ADD CONSTRAINT auth_status_constraint FOREIGN KEY (client_session) REFERENCES public.client_session(id);


--
-- Name: identity_provider fk2b4ebc52ae5c3b34; Type: FK CONSTRAINT; Schema: public; Owner: keycloak
--

ALTER TABLE ONLY public.identity_provider
    ADD CONSTRAINT fk2b4ebc52ae5c3b34 FOREIGN KEY (realm_id) REFERENCES public.realm(id);


--
-- Name: client_attributes fk3c47c64beacca966; Type: FK CONSTRAINT; Schema: public; Owner: keycloak
--

ALTER TABLE ONLY public.client_attributes
    ADD CONSTRAINT fk3c47c64beacca966 FOREIGN KEY (client_id) REFERENCES public.client(id);


--
-- Name: federated_identity fk404288b92ef007a6; Type: FK CONSTRAINT; Schema: public; Owner: keycloak
--

ALTER TABLE ONLY public.federated_identity
    ADD CONSTRAINT fk404288b92ef007a6 FOREIGN KEY (user_id) REFERENCES public.user_entity(id);


--
-- Name: client_node_registrations fk4129723ba992f594; Type: FK CONSTRAINT; Schema: public; Owner: keycloak
--

ALTER TABLE ONLY public.client_node_registrations
    ADD CONSTRAINT fk4129723ba992f594 FOREIGN KEY (client_id) REFERENCES public.client(id);


--
-- Name: client_session_note fk5edfb00ff51c2736; Type: FK CONSTRAINT; Schema: public; Owner: keycloak
--

ALTER TABLE ONLY public.client_session_note
    ADD CONSTRAINT fk5edfb00ff51c2736 FOREIGN KEY (client_session) REFERENCES public.client_session(id);


--
-- Name: user_session_note fk5edfb00ff51d3472; Type: FK CONSTRAINT; Schema: public; Owner: keycloak
--

ALTER TABLE ONLY public.user_session_note
    ADD CONSTRAINT fk5edfb00ff51d3472 FOREIGN KEY (user_session) REFERENCES public.user_session(id);


--
-- Name: client_session_role fk_11b7sgqw18i532811v7o2dv76; Type: FK CONSTRAINT; Schema: public; Owner: keycloak
--

ALTER TABLE ONLY public.client_session_role
    ADD CONSTRAINT fk_11b7sgqw18i532811v7o2dv76 FOREIGN KEY (client_session) REFERENCES public.client_session(id);


--
-- Name: redirect_uris fk_1burs8pb4ouj97h5wuppahv9f; Type: FK CONSTRAINT; Schema: public; Owner: keycloak
--

ALTER TABLE ONLY public.redirect_uris
    ADD CONSTRAINT fk_1burs8pb4ouj97h5wuppahv9f FOREIGN KEY (client_id) REFERENCES public.client(id);


--
-- Name: user_federation_provider fk_1fj32f6ptolw2qy60cd8n01e8; Type: FK CONSTRAINT; Schema: public; Owner: keycloak
--

ALTER TABLE ONLY public.user_federation_provider
    ADD CONSTRAINT fk_1fj32f6ptolw2qy60cd8n01e8 FOREIGN KEY (realm_id) REFERENCES public.realm(id);


--
-- Name: client_session_prot_mapper fk_33a8sgqw18i532811v7o2dk89; Type: FK CONSTRAINT; Schema: public; Owner: keycloak
--

ALTER TABLE ONLY public.client_session_prot_mapper
    ADD CONSTRAINT fk_33a8sgqw18i532811v7o2dk89 FOREIGN KEY (client_session) REFERENCES public.client_session(id);


--
-- Name: realm_required_credential fk_5hg65lybevavkqfki3kponh9v; Type: FK CONSTRAINT; Schema: public; Owner: keycloak
--

ALTER TABLE ONLY public.realm_required_credential
    ADD CONSTRAINT fk_5hg65lybevavkqfki3kponh9v FOREIGN KEY (realm_id) REFERENCES public.realm(id);


--
-- Name: resource_attribute fk_5hrm2vlf9ql5fu022kqepovbr; Type: FK CONSTRAINT; Schema: public; Owner: keycloak
--

ALTER TABLE ONLY public.resource_attribute
    ADD CONSTRAINT fk_5hrm2vlf9ql5fu022kqepovbr FOREIGN KEY (resource_id) REFERENCES public.resource_server_resource(id);


--
-- Name: user_attribute fk_5hrm2vlf9ql5fu043kqepovbr; Type: FK CONSTRAINT; Schema: public; Owner: keycloak
--

ALTER TABLE ONLY public.user_attribute
    ADD CONSTRAINT fk_5hrm2vlf9ql5fu043kqepovbr FOREIGN KEY (user_id) REFERENCES public.user_entity(id);


--
-- Name: user_required_action fk_6qj3w1jw9cvafhe19bwsiuvmd; Type: FK CONSTRAINT; Schema: public; Owner: keycloak
--

ALTER TABLE ONLY public.user_required_action
    ADD CONSTRAINT fk_6qj3w1jw9cvafhe19bwsiuvmd FOREIGN KEY (user_id) REFERENCES public.user_entity(id);


--
-- Name: keycloak_role fk_6vyqfe4cn4wlq8r6kt5vdsj5c; Type: FK CONSTRAINT; Schema: public; Owner: keycloak
--

ALTER TABLE ONLY public.keycloak_role
    ADD CONSTRAINT fk_6vyqfe4cn4wlq8r6kt5vdsj5c FOREIGN KEY (realm) REFERENCES public.realm(id);


--
-- Name: realm_smtp_config fk_70ej8xdxgxd0b9hh6180irr0o; Type: FK CONSTRAINT; Schema: public; Owner: keycloak
--

ALTER TABLE ONLY public.realm_smtp_config
    ADD CONSTRAINT fk_70ej8xdxgxd0b9hh6180irr0o FOREIGN KEY (realm_id) REFERENCES public.realm(id);


--
-- Name: realm_attribute fk_8shxd6l3e9atqukacxgpffptw; Type: FK CONSTRAINT; Schema: public; Owner: keycloak
--

ALTER TABLE ONLY public.realm_attribute
    ADD CONSTRAINT fk_8shxd6l3e9atqukacxgpffptw FOREIGN KEY (realm_id) REFERENCES public.realm(id);


--
-- Name: composite_role fk_a63wvekftu8jo1pnj81e7mce2; Type: FK CONSTRAINT; Schema: public; Owner: keycloak
--

ALTER TABLE ONLY public.composite_role
    ADD CONSTRAINT fk_a63wvekftu8jo1pnj81e7mce2 FOREIGN KEY (composite) REFERENCES public.keycloak_role(id);


--
-- Name: authentication_execution fk_auth_exec_flow; Type: FK CONSTRAINT; Schema: public; Owner: keycloak
--

ALTER TABLE ONLY public.authentication_execution
    ADD CONSTRAINT fk_auth_exec_flow FOREIGN KEY (flow_id) REFERENCES public.authentication_flow(id);


--
-- Name: authentication_execution fk_auth_exec_realm; Type: FK CONSTRAINT; Schema: public; Owner: keycloak
--

ALTER TABLE ONLY public.authentication_execution
    ADD CONSTRAINT fk_auth_exec_realm FOREIGN KEY (realm_id) REFERENCES public.realm(id);


--
-- Name: authentication_flow fk_auth_flow_realm; Type: FK CONSTRAINT; Schema: public; Owner: keycloak
--

ALTER TABLE ONLY public.authentication_flow
    ADD CONSTRAINT fk_auth_flow_realm FOREIGN KEY (realm_id) REFERENCES public.realm(id);


--
-- Name: authenticator_config fk_auth_realm; Type: FK CONSTRAINT; Schema: public; Owner: keycloak
--

ALTER TABLE ONLY public.authenticator_config
    ADD CONSTRAINT fk_auth_realm FOREIGN KEY (realm_id) REFERENCES public.realm(id);


--
-- Name: client_session fk_b4ao2vcvat6ukau74wbwtfqo1; Type: FK CONSTRAINT; Schema: public; Owner: keycloak
--

ALTER TABLE ONLY public.client_session
    ADD CONSTRAINT fk_b4ao2vcvat6ukau74wbwtfqo1 FOREIGN KEY (session_id) REFERENCES public.user_session(id);


--
-- Name: user_role_mapping fk_c4fqv34p1mbylloxang7b1q3l; Type: FK CONSTRAINT; Schema: public; Owner: keycloak
--

ALTER TABLE ONLY public.user_role_mapping
    ADD CONSTRAINT fk_c4fqv34p1mbylloxang7b1q3l FOREIGN KEY (user_id) REFERENCES public.user_entity(id);


--
-- Name: client_scope_attributes fk_cl_scope_attr_scope; Type: FK CONSTRAINT; Schema: public; Owner: keycloak
--

ALTER TABLE ONLY public.client_scope_attributes
    ADD CONSTRAINT fk_cl_scope_attr_scope FOREIGN KEY (scope_id) REFERENCES public.client_scope(id);


--
-- Name: client_scope_role_mapping fk_cl_scope_rm_scope; Type: FK CONSTRAINT; Schema: public; Owner: keycloak
--

ALTER TABLE ONLY public.client_scope_role_mapping
    ADD CONSTRAINT fk_cl_scope_rm_scope FOREIGN KEY (scope_id) REFERENCES public.client_scope(id);


--
-- Name: client_user_session_note fk_cl_usr_ses_note; Type: FK CONSTRAINT; Schema: public; Owner: keycloak
--

ALTER TABLE ONLY public.client_user_session_note
    ADD CONSTRAINT fk_cl_usr_ses_note FOREIGN KEY (client_session) REFERENCES public.client_session(id);


--
-- Name: protocol_mapper fk_cli_scope_mapper; Type: FK CONSTRAINT; Schema: public; Owner: keycloak
--

ALTER TABLE ONLY public.protocol_mapper
    ADD CONSTRAINT fk_cli_scope_mapper FOREIGN KEY (client_scope_id) REFERENCES public.client_scope(id);


--
-- Name: client_initial_access fk_client_init_acc_realm; Type: FK CONSTRAINT; Schema: public; Owner: keycloak
--

ALTER TABLE ONLY public.client_initial_access
    ADD CONSTRAINT fk_client_init_acc_realm FOREIGN KEY (realm_id) REFERENCES public.realm(id);


--
-- Name: component_config fk_component_config; Type: FK CONSTRAINT; Schema: public; Owner: keycloak
--

ALTER TABLE ONLY public.component_config
    ADD CONSTRAINT fk_component_config FOREIGN KEY (component_id) REFERENCES public.component(id);


--
-- Name: component fk_component_realm; Type: FK CONSTRAINT; Schema: public; Owner: keycloak
--

ALTER TABLE ONLY public.component
    ADD CONSTRAINT fk_component_realm FOREIGN KEY (realm_id) REFERENCES public.realm(id);


--
-- Name: realm_default_groups fk_def_groups_realm; Type: FK CONSTRAINT; Schema: public; Owner: keycloak
--

ALTER TABLE ONLY public.realm_default_groups
    ADD CONSTRAINT fk_def_groups_realm FOREIGN KEY (realm_id) REFERENCES public.realm(id);


--
-- Name: user_federation_mapper_config fk_fedmapper_cfg; Type: FK CONSTRAINT; Schema: public; Owner: keycloak
--

ALTER TABLE ONLY public.user_federation_mapper_config
    ADD CONSTRAINT fk_fedmapper_cfg FOREIGN KEY (user_federation_mapper_id) REFERENCES public.user_federation_mapper(id);


--
-- Name: user_federation_mapper fk_fedmapperpm_fedprv; Type: FK CONSTRAINT; Schema: public; Owner: keycloak
--

ALTER TABLE ONLY public.user_federation_mapper
    ADD CONSTRAINT fk_fedmapperpm_fedprv FOREIGN KEY (federation_provider_id) REFERENCES public.user_federation_provider(id);


--
-- Name: user_federation_mapper fk_fedmapperpm_realm; Type: FK CONSTRAINT; Schema: public; Owner: keycloak
--

ALTER TABLE ONLY public.user_federation_mapper
    ADD CONSTRAINT fk_fedmapperpm_realm FOREIGN KEY (realm_id) REFERENCES public.realm(id);


--
-- Name: associated_policy fk_frsr5s213xcx4wnkog82ssrfy; Type: FK CONSTRAINT; Schema: public; Owner: keycloak
--

ALTER TABLE ONLY public.associated_policy
    ADD CONSTRAINT fk_frsr5s213xcx4wnkog82ssrfy FOREIGN KEY (associated_policy_id) REFERENCES public.resource_server_policy(id);


--
-- Name: scope_policy fk_frsrasp13xcx4wnkog82ssrfy; Type: FK CONSTRAINT; Schema: public; Owner: keycloak
--

ALTER TABLE ONLY public.scope_policy
    ADD CONSTRAINT fk_frsrasp13xcx4wnkog82ssrfy FOREIGN KEY (policy_id) REFERENCES public.resource_server_policy(id);


--
-- Name: resource_server_perm_ticket fk_frsrho213xcx4wnkog82sspmt; Type: FK CONSTRAINT; Schema: public; Owner: keycloak
--

ALTER TABLE ONLY public.resource_server_perm_ticket
    ADD CONSTRAINT fk_frsrho213xcx4wnkog82sspmt FOREIGN KEY (resource_server_id) REFERENCES public.resource_server(id);


--
-- Name: resource_server_resource fk_frsrho213xcx4wnkog82ssrfy; Type: FK CONSTRAINT; Schema: public; Owner: keycloak
--

ALTER TABLE ONLY public.resource_server_resource
    ADD CONSTRAINT fk_frsrho213xcx4wnkog82ssrfy FOREIGN KEY (resource_server_id) REFERENCES public.resource_server(id);


--
-- Name: resource_server_perm_ticket fk_frsrho213xcx4wnkog83sspmt; Type: FK CONSTRAINT; Schema: public; Owner: keycloak
--

ALTER TABLE ONLY public.resource_server_perm_ticket
    ADD CONSTRAINT fk_frsrho213xcx4wnkog83sspmt FOREIGN KEY (resource_id) REFERENCES public.resource_server_resource(id);


--
-- Name: resource_server_perm_ticket fk_frsrho213xcx4wnkog84sspmt; Type: FK CONSTRAINT; Schema: public; Owner: keycloak
--

ALTER TABLE ONLY public.resource_server_perm_ticket
    ADD CONSTRAINT fk_frsrho213xcx4wnkog84sspmt FOREIGN KEY (scope_id) REFERENCES public.resource_server_scope(id);


--
-- Name: associated_policy fk_frsrpas14xcx4wnkog82ssrfy; Type: FK CONSTRAINT; Schema: public; Owner: keycloak
--

ALTER TABLE ONLY public.associated_policy
    ADD CONSTRAINT fk_frsrpas14xcx4wnkog82ssrfy FOREIGN KEY (policy_id) REFERENCES public.resource_server_policy(id);


--
-- Name: scope_policy fk_frsrpass3xcx4wnkog82ssrfy; Type: FK CONSTRAINT; Schema: public; Owner: keycloak
--

ALTER TABLE ONLY public.scope_policy
    ADD CONSTRAINT fk_frsrpass3xcx4wnkog82ssrfy FOREIGN KEY (scope_id) REFERENCES public.resource_server_scope(id);


--
-- Name: resource_server_perm_ticket fk_frsrpo2128cx4wnkog82ssrfy; Type: FK CONSTRAINT; Schema: public; Owner: keycloak
--

ALTER TABLE ONLY public.resource_server_perm_ticket
    ADD CONSTRAINT fk_frsrpo2128cx4wnkog82ssrfy FOREIGN KEY (policy_id) REFERENCES public.resource_server_policy(id);


--
-- Name: resource_server_policy fk_frsrpo213xcx4wnkog82ssrfy; Type: FK CONSTRAINT; Schema: public; Owner: keycloak
--

ALTER TABLE ONLY public.resource_server_policy
    ADD CONSTRAINT fk_frsrpo213xcx4wnkog82ssrfy FOREIGN KEY (resource_server_id) REFERENCES public.resource_server(id);


--
-- Name: resource_scope fk_frsrpos13xcx4wnkog82ssrfy; Type: FK CONSTRAINT; Schema: public; Owner: keycloak
--

ALTER TABLE ONLY public.resource_scope
    ADD CONSTRAINT fk_frsrpos13xcx4wnkog82ssrfy FOREIGN KEY (resource_id) REFERENCES public.resource_server_resource(id);


--
-- Name: resource_policy fk_frsrpos53xcx4wnkog82ssrfy; Type: FK CONSTRAINT; Schema: public; Owner: keycloak
--

ALTER TABLE ONLY public.resource_policy
    ADD CONSTRAINT fk_frsrpos53xcx4wnkog82ssrfy FOREIGN KEY (resource_id) REFERENCES public.resource_server_resource(id);


--
-- Name: resource_policy fk_frsrpp213xcx4wnkog82ssrfy; Type: FK CONSTRAINT; Schema: public; Owner: keycloak
--

ALTER TABLE ONLY public.resource_policy
    ADD CONSTRAINT fk_frsrpp213xcx4wnkog82ssrfy FOREIGN KEY (policy_id) REFERENCES public.resource_server_policy(id);


--
-- Name: resource_scope fk_frsrps213xcx4wnkog82ssrfy; Type: FK CONSTRAINT; Schema: public; Owner: keycloak
--

ALTER TABLE ONLY public.resource_scope
    ADD CONSTRAINT fk_frsrps213xcx4wnkog82ssrfy FOREIGN KEY (scope_id) REFERENCES public.resource_server_scope(id);


--
-- Name: resource_server_scope fk_frsrso213xcx4wnkog82ssrfy; Type: FK CONSTRAINT; Schema: public; Owner: keycloak
--

ALTER TABLE ONLY public.resource_server_scope
    ADD CONSTRAINT fk_frsrso213xcx4wnkog82ssrfy FOREIGN KEY (resource_server_id) REFERENCES public.resource_server(id);


--
-- Name: composite_role fk_gr7thllb9lu8q4vqa4524jjy8; Type: FK CONSTRAINT; Schema: public; Owner: keycloak
--

ALTER TABLE ONLY public.composite_role
    ADD CONSTRAINT fk_gr7thllb9lu8q4vqa4524jjy8 FOREIGN KEY (child_role) REFERENCES public.keycloak_role(id);


--
-- Name: user_consent_client_scope fk_grntcsnt_clsc_usc; Type: FK CONSTRAINT; Schema: public; Owner: keycloak
--

ALTER TABLE ONLY public.user_consent_client_scope
    ADD CONSTRAINT fk_grntcsnt_clsc_usc FOREIGN KEY (user_consent_id) REFERENCES public.user_consent(id);


--
-- Name: user_consent fk_grntcsnt_user; Type: FK CONSTRAINT; Schema: public; Owner: keycloak
--

ALTER TABLE ONLY public.user_consent
    ADD CONSTRAINT fk_grntcsnt_user FOREIGN KEY (user_id) REFERENCES public.user_entity(id);


--
-- Name: group_attribute fk_group_attribute_group; Type: FK CONSTRAINT; Schema: public; Owner: keycloak
--

ALTER TABLE ONLY public.group_attribute
    ADD CONSTRAINT fk_group_attribute_group FOREIGN KEY (group_id) REFERENCES public.keycloak_group(id);


--
-- Name: group_role_mapping fk_group_role_group; Type: FK CONSTRAINT; Schema: public; Owner: keycloak
--

ALTER TABLE ONLY public.group_role_mapping
    ADD CONSTRAINT fk_group_role_group FOREIGN KEY (group_id) REFERENCES public.keycloak_group(id);


--
-- Name: realm_enabled_event_types fk_h846o4h0w8epx5nwedrf5y69j; Type: FK CONSTRAINT; Schema: public; Owner: keycloak
--

ALTER TABLE ONLY public.realm_enabled_event_types
    ADD CONSTRAINT fk_h846o4h0w8epx5nwedrf5y69j FOREIGN KEY (realm_id) REFERENCES public.realm(id);


--
-- Name: realm_events_listeners fk_h846o4h0w8epx5nxev9f5y69j; Type: FK CONSTRAINT; Schema: public; Owner: keycloak
--

ALTER TABLE ONLY public.realm_events_listeners
    ADD CONSTRAINT fk_h846o4h0w8epx5nxev9f5y69j FOREIGN KEY (realm_id) REFERENCES public.realm(id);


--
-- Name: identity_provider_mapper fk_idpm_realm; Type: FK CONSTRAINT; Schema: public; Owner: keycloak
--

ALTER TABLE ONLY public.identity_provider_mapper
    ADD CONSTRAINT fk_idpm_realm FOREIGN KEY (realm_id) REFERENCES public.realm(id);


--
-- Name: idp_mapper_config fk_idpmconfig; Type: FK CONSTRAINT; Schema: public; Owner: keycloak
--

ALTER TABLE ONLY public.idp_mapper_config
    ADD CONSTRAINT fk_idpmconfig FOREIGN KEY (idp_mapper_id) REFERENCES public.identity_provider_mapper(id);


--
-- Name: web_origins fk_lojpho213xcx4wnkog82ssrfy; Type: FK CONSTRAINT; Schema: public; Owner: keycloak
--

ALTER TABLE ONLY public.web_origins
    ADD CONSTRAINT fk_lojpho213xcx4wnkog82ssrfy FOREIGN KEY (client_id) REFERENCES public.client(id);


--
-- Name: scope_mapping fk_ouse064plmlr732lxjcn1q5f1; Type: FK CONSTRAINT; Schema: public; Owner: keycloak
--

ALTER TABLE ONLY public.scope_mapping
    ADD CONSTRAINT fk_ouse064plmlr732lxjcn1q5f1 FOREIGN KEY (client_id) REFERENCES public.client(id);


--
-- Name: protocol_mapper fk_pcm_realm; Type: FK CONSTRAINT; Schema: public; Owner: keycloak
--

ALTER TABLE ONLY public.protocol_mapper
    ADD CONSTRAINT fk_pcm_realm FOREIGN KEY (client_id) REFERENCES public.client(id);


--
-- Name: credential fk_pfyr0glasqyl0dei3kl69r6v0; Type: FK CONSTRAINT; Schema: public; Owner: keycloak
--

ALTER TABLE ONLY public.credential
    ADD CONSTRAINT fk_pfyr0glasqyl0dei3kl69r6v0 FOREIGN KEY (user_id) REFERENCES public.user_entity(id);


--
-- Name: protocol_mapper_config fk_pmconfig; Type: FK CONSTRAINT; Schema: public; Owner: keycloak
--

ALTER TABLE ONLY public.protocol_mapper_config
    ADD CONSTRAINT fk_pmconfig FOREIGN KEY (protocol_mapper_id) REFERENCES public.protocol_mapper(id);


--
-- Name: default_client_scope fk_r_def_cli_scope_realm; Type: FK CONSTRAINT; Schema: public; Owner: keycloak
--

ALTER TABLE ONLY public.default_client_scope
    ADD CONSTRAINT fk_r_def_cli_scope_realm FOREIGN KEY (realm_id) REFERENCES public.realm(id);


--
-- Name: required_action_provider fk_req_act_realm; Type: FK CONSTRAINT; Schema: public; Owner: keycloak
--

ALTER TABLE ONLY public.required_action_provider
    ADD CONSTRAINT fk_req_act_realm FOREIGN KEY (realm_id) REFERENCES public.realm(id);


--
-- Name: resource_uris fk_resource_server_uris; Type: FK CONSTRAINT; Schema: public; Owner: keycloak
--

ALTER TABLE ONLY public.resource_uris
    ADD CONSTRAINT fk_resource_server_uris FOREIGN KEY (resource_id) REFERENCES public.resource_server_resource(id);


--
-- Name: role_attribute fk_role_attribute_id; Type: FK CONSTRAINT; Schema: public; Owner: keycloak
--

ALTER TABLE ONLY public.role_attribute
    ADD CONSTRAINT fk_role_attribute_id FOREIGN KEY (role_id) REFERENCES public.keycloak_role(id);


--
-- Name: realm_supported_locales fk_supported_locales_realm; Type: FK CONSTRAINT; Schema: public; Owner: keycloak
--

ALTER TABLE ONLY public.realm_supported_locales
    ADD CONSTRAINT fk_supported_locales_realm FOREIGN KEY (realm_id) REFERENCES public.realm(id);


--
-- Name: user_federation_config fk_t13hpu1j94r2ebpekr39x5eu5; Type: FK CONSTRAINT; Schema: public; Owner: keycloak
--

ALTER TABLE ONLY public.user_federation_config
    ADD CONSTRAINT fk_t13hpu1j94r2ebpekr39x5eu5 FOREIGN KEY (user_federation_provider_id) REFERENCES public.user_federation_provider(id);


--
-- Name: user_group_membership fk_user_group_user; Type: FK CONSTRAINT; Schema: public; Owner: keycloak
--

ALTER TABLE ONLY public.user_group_membership
    ADD CONSTRAINT fk_user_group_user FOREIGN KEY (user_id) REFERENCES public.user_entity(id);


--
-- Name: policy_config fkdc34197cf864c4e43; Type: FK CONSTRAINT; Schema: public; Owner: keycloak
--

ALTER TABLE ONLY public.policy_config
    ADD CONSTRAINT fkdc34197cf864c4e43 FOREIGN KEY (policy_id) REFERENCES public.resource_server_policy(id);


--
-- Name: identity_provider_config fkdc4897cf864c4e43; Type: FK CONSTRAINT; Schema: public; Owner: keycloak
--

ALTER TABLE ONLY public.identity_provider_config
    ADD CONSTRAINT fkdc4897cf864c4e43 FOREIGN KEY (identity_provider_id) REFERENCES public.identity_provider(internal_id);


--
-- PostgreSQL database dump complete
--

